--
-- Script was generated by Devart dbForge Studio for SQL Server, Version 6.5.16.0
-- Product home page: http://www.devart.com/dbforge/sql/studio
-- Script date 1/14/2024 5:32:01 PM
-- Server version: 16.00.1000
--
CREATE DATABASE PRO219_WebsiteBanDienThoai
go

SET DATEFORMAT ymd
SET ARITHABORT, ANSI_PADDING, ANSI_WARNINGS, CONCAT_NULL_YIELDS_NULL, QUOTED_IDENTIFIER, ANSI_NULLS, NOCOUNT ON
SET NUMERIC_ROUNDABORT, IMPLICIT_TRANSACTIONS, XACT_ABORT OFF
GO

USE PRO219_WebsiteBanDienThoai
GO

IF DB_NAME() <> N'PRO219_WebsiteBanDienThoai' SET NOEXEC ON
GO

--
-- Create table [dbo].[WarrantyCards]
--
PRINT (N'Create table [dbo].[WarrantyCards]')
GO
CREATE TABLE dbo.WarrantyCards (
  Id uniqueidentifier NOT NULL,
  IdBillDetail uniqueidentifier NULL,
  IdAccount uniqueidentifier NULL,
  IdPhone uniqueidentifier NULL,
  Imei nvarchar(max) NOT NULL,
  CreatedDate datetime2 NOT NULL,
  Description nvarchar(max) NULL,
  ThoiGianConBaoHanh datetime2 NOT NULL,
  AppointmentDate datetime2 NULL,
  Status int NULL,
  IdPhoneDetail uniqueidentifier NULL,
  CONSTRAINT PK_WarrantyCards PRIMARY KEY CLUSTERED (Id)
)
ON [PRIMARY]
TEXTIMAGE_ON [PRIMARY]
GO

--
-- Create index [IX_WarrantyCards_IdBillDetail] on table [dbo].[WarrantyCards]
--
PRINT (N'Create index [IX_WarrantyCards_IdBillDetail] on table [dbo].[WarrantyCards]')
GO
CREATE INDEX IX_WarrantyCards_IdBillDetail
  ON dbo.WarrantyCards (IdBillDetail)
  ON [PRIMARY]
GO

--
-- Create table [dbo].[Warranty]
--
PRINT (N'Create table [dbo].[Warranty]')
GO
CREATE TABLE dbo.Warranty (
  Id uniqueidentifier NOT NULL,
  TimeWarranty int NULL,
  Description nvarchar(max) NULL,
  Status int NULL,
  CONSTRAINT PK_Warranty PRIMARY KEY CLUSTERED (Id)
)
ON [PRIMARY]
TEXTIMAGE_ON [PRIMARY]
GO

--
-- Create table [dbo].[sysdiagrams]
--
PRINT (N'Create table [dbo].[sysdiagrams]')
GO
CREATE TABLE dbo.sysdiagrams (
  name sysname NOT NULL,
  principal_id int NOT NULL,
  diagram_id int IDENTITY,
  version int NULL,
  definition varbinary(max) NULL,
  PRIMARY KEY CLUSTERED (diagram_id),
  CONSTRAINT UK_principal_name UNIQUE (principal_id, name)
)
ON [PRIMARY]
TEXTIMAGE_ON [PRIMARY]
GO

--
-- Create table [dbo].[Sim]
--
PRINT (N'Create table [dbo].[Sim]')
GO
CREATE TABLE dbo.Sim (
  Id uniqueidentifier NOT NULL,
  Name nvarchar(max) NULL,
  CONSTRAINT PK_Sim PRIMARY KEY CLUSTERED (Id)
)
ON [PRIMARY]
TEXTIMAGE_ON [PRIMARY]
GO

--
-- Create table [dbo].[SellDailys]
--
PRINT (N'Create table [dbo].[SellDailys]')
GO
CREATE TABLE dbo.SellDailys (
  Id uniqueidentifier NOT NULL,
  CreateTime datetime2 NOT NULL,
  TotalMoneys decimal(18, 2) NULL,
  TotalQuantity int NULL,
  Refund decimal(18, 2) NULL,
  SellOnl int NULL,
  SellOff int NULL,
  BestSeller nvarchar(max) NULL,
  Status nvarchar(max) NULL,
  CONSTRAINT PK_SellDailys PRIMARY KEY CLUSTERED (Id)
)
ON [PRIMARY]
TEXTIMAGE_ON [PRIMARY]
GO

--
-- Create table [dbo].[Sales]
--
PRINT (N'Create table [dbo].[Sales]')
GO
CREATE TABLE dbo.Sales (
  Id uniqueidentifier NOT NULL,
  ReducedAmount decimal(18, 2) NOT NULL,
  TimeForm datetime2 NULL,
  TimeTo datetime2 NULL,
  Note nvarchar(max) NULL,
  Status int NOT NULL,
  CONSTRAINT PK_Sales PRIMARY KEY CLUSTERED (Id)
)
ON [PRIMARY]
TEXTIMAGE_ON [PRIMARY]
GO

--
-- Create table [dbo].[Rom]
--
PRINT (N'Create table [dbo].[Rom]')
GO
CREATE TABLE dbo.Rom (
  Id uniqueidentifier NOT NULL,
  Name nvarchar(max) NULL,
  CONSTRAINT PK_Rom PRIMARY KEY CLUSTERED (Id)
)
ON [PRIMARY]
TEXTIMAGE_ON [PRIMARY]
GO

--
-- Create table [dbo].[Reviews]
--
PRINT (N'Create table [dbo].[Reviews]')
GO
CREATE TABLE dbo.Reviews (
  Id uniqueidentifier NOT NULL,
  DateTime datetime2 NOT NULL,
  Content nvarchar(max) NULL,
  IdPhoneDetaild uniqueidentifier NOT NULL,
  IdAccount uniqueidentifier NOT NULL,
  PhoneDetaildsId uniqueidentifier NOT NULL,
  AccountsId uniqueidentifier NOT NULL,
  CONSTRAINT PK_Reviews PRIMARY KEY CLUSTERED (Id)
)
ON [PRIMARY]
TEXTIMAGE_ON [PRIMARY]
GO

--
-- Create index [IX_Reviews_AccountsId] on table [dbo].[Reviews]
--
PRINT (N'Create index [IX_Reviews_AccountsId] on table [dbo].[Reviews]')
GO
CREATE INDEX IX_Reviews_AccountsId
  ON dbo.Reviews (AccountsId)
  ON [PRIMARY]
GO

--
-- Create index [IX_Reviews_PhoneDetaildsId] on table [dbo].[Reviews]
--
PRINT (N'Create index [IX_Reviews_PhoneDetaildsId] on table [dbo].[Reviews]')
GO
CREATE INDEX IX_Reviews_PhoneDetaildsId
  ON dbo.Reviews (PhoneDetaildsId)
  ON [PRIMARY]
GO

--
-- Create table [dbo].[Refund]
--
PRINT (N'Create table [dbo].[Refund]')
GO
CREATE TABLE dbo.Refund (
  Id uniqueidentifier NOT NULL,
  Imei nvarchar(max) NULL,
  PhoneName nvarchar(max) NULL,
  Price decimal(18, 2) NULL,
  CreateDate datetime2 NOT NULL,
  StatusDetail int NULL,
  CONSTRAINT PK_Refund PRIMARY KEY CLUSTERED (Id)
)
ON [PRIMARY]
TEXTIMAGE_ON [PRIMARY]
GO

--
-- Create table [dbo].[Ranks]
--
PRINT (N'Create table [dbo].[Ranks]')
GO
CREATE TABLE dbo.Ranks (
  Id uniqueidentifier NOT NULL,
  STT int NOT NULL,
  Username nvarchar(max) NOT NULL,
  IdAccount nvarchar(max) NOT NULL,
  Point int NULL,
  TotalPoint int NULL,
  Ranking nvarchar(max) NULL,
  DateRank datetime2 NULL,
  Policies int NULL,
  Benefits int NULL,
  CONSTRAINT PK_Ranks PRIMARY KEY CLUSTERED (Id)
)
ON [PRIMARY]
TEXTIMAGE_ON [PRIMARY]
GO

--
-- Create table [dbo].[Ram]
--
PRINT (N'Create table [dbo].[Ram]')
GO
CREATE TABLE dbo.Ram (
  Id uniqueidentifier NOT NULL,
  Name nvarchar(max) NULL,
  CONSTRAINT PK_Ram PRIMARY KEY CLUSTERED (Id)
)
ON [PRIMARY]
TEXTIMAGE_ON [PRIMARY]
GO

--
-- Create table [dbo].[Phones]
--
PRINT (N'Create table [dbo].[Phones]')
GO
CREATE TABLE dbo.Phones (
  Id uniqueidentifier NOT NULL,
  PhoneName nvarchar(max) NOT NULL,
  Description nvarchar(max) NULL,
  Image nvarchar(max) NULL,
  IdProductionCompany uniqueidentifier NOT NULL,
  IdWarranty uniqueidentifier NULL,
  CreateDate datetime2 NULL,
  CONSTRAINT PK_Phones PRIMARY KEY CLUSTERED (Id)
)
ON [PRIMARY]
TEXTIMAGE_ON [PRIMARY]
GO

--
-- Create index [IX_Phones_IdProductionCompany] on table [dbo].[Phones]
--
PRINT (N'Create index [IX_Phones_IdProductionCompany] on table [dbo].[Phones]')
GO
CREATE INDEX IX_Phones_IdProductionCompany
  ON dbo.Phones (IdProductionCompany)
  ON [PRIMARY]
GO

--
-- Create table [dbo].[PhoneDetailds]
--
PRINT (N'Create table [dbo].[PhoneDetailds]')
GO
CREATE TABLE dbo.PhoneDetailds (
  Id uniqueidentifier NOT NULL,
  IdPhone uniqueidentifier NOT NULL,
  IdDiscount uniqueidentifier NULL,
  IdMaterial uniqueidentifier NOT NULL,
  IdRom uniqueidentifier NOT NULL,
  IdRam uniqueidentifier NOT NULL,
  IdOperatingSystem uniqueidentifier NOT NULL,
  IdBattery uniqueidentifier NOT NULL,
  IdSim uniqueidentifier NOT NULL,
  IdChipCPU uniqueidentifier NOT NULL,
  IdChipGPU uniqueidentifier NOT NULL,
  IdColor uniqueidentifier NOT NULL,
  IdChargingport uniqueidentifier NOT NULL,
  Weight nvarchar(max) NULL,
  FrontCamera nvarchar(max) NULL,
  MainCamera nvarchar(max) NULL,
  Resolution int NULL,
  Size nvarchar(max) NULL,
  Price decimal(18, 2) NOT NULL,
  Sale decimal(18, 2) NULL,
  Solid int NULL,
  Status int NOT NULL,
  Code varchar(250) NULL,
  CONSTRAINT PK_PhoneDetailds PRIMARY KEY CLUSTERED (Id)
)
ON [PRIMARY]
TEXTIMAGE_ON [PRIMARY]
GO

--
-- Create index [IX_PhoneDetailds_IdBattery] on table [dbo].[PhoneDetailds]
--
PRINT (N'Create index [IX_PhoneDetailds_IdBattery] on table [dbo].[PhoneDetailds]')
GO
CREATE INDEX IX_PhoneDetailds_IdBattery
  ON dbo.PhoneDetailds (IdBattery)
  ON [PRIMARY]
GO

--
-- Create index [IX_PhoneDetailds_IdColor] on table [dbo].[PhoneDetailds]
--
PRINT (N'Create index [IX_PhoneDetailds_IdColor] on table [dbo].[PhoneDetailds]')
GO
CREATE INDEX IX_PhoneDetailds_IdColor
  ON dbo.PhoneDetailds (IdColor)
  ON [PRIMARY]
GO

--
-- Create index [IX_PhoneDetailds_IdChargingport] on table [dbo].[PhoneDetailds]
--
PRINT (N'Create index [IX_PhoneDetailds_IdChargingport] on table [dbo].[PhoneDetailds]')
GO
CREATE INDEX IX_PhoneDetailds_IdChargingport
  ON dbo.PhoneDetailds (IdChargingport)
  ON [PRIMARY]
GO

--
-- Create index [IX_PhoneDetailds_IdChipCPU] on table [dbo].[PhoneDetailds]
--
PRINT (N'Create index [IX_PhoneDetailds_IdChipCPU] on table [dbo].[PhoneDetailds]')
GO
CREATE INDEX IX_PhoneDetailds_IdChipCPU
  ON dbo.PhoneDetailds (IdChipCPU)
  ON [PRIMARY]
GO

--
-- Create index [IX_PhoneDetailds_IdChipGPU] on table [dbo].[PhoneDetailds]
--
PRINT (N'Create index [IX_PhoneDetailds_IdChipGPU] on table [dbo].[PhoneDetailds]')
GO
CREATE INDEX IX_PhoneDetailds_IdChipGPU
  ON dbo.PhoneDetailds (IdChipGPU)
  ON [PRIMARY]
GO

--
-- Create index [IX_PhoneDetailds_IdDiscount] on table [dbo].[PhoneDetailds]
--
PRINT (N'Create index [IX_PhoneDetailds_IdDiscount] on table [dbo].[PhoneDetailds]')
GO
CREATE INDEX IX_PhoneDetailds_IdDiscount
  ON dbo.PhoneDetailds (IdDiscount)
  ON [PRIMARY]
GO

--
-- Create index [IX_PhoneDetailds_IdMaterial] on table [dbo].[PhoneDetailds]
--
PRINT (N'Create index [IX_PhoneDetailds_IdMaterial] on table [dbo].[PhoneDetailds]')
GO
CREATE INDEX IX_PhoneDetailds_IdMaterial
  ON dbo.PhoneDetailds (IdMaterial)
  ON [PRIMARY]
GO

--
-- Create index [IX_PhoneDetailds_IdOperatingSystem] on table [dbo].[PhoneDetailds]
--
PRINT (N'Create index [IX_PhoneDetailds_IdOperatingSystem] on table [dbo].[PhoneDetailds]')
GO
CREATE INDEX IX_PhoneDetailds_IdOperatingSystem
  ON dbo.PhoneDetailds (IdOperatingSystem)
  ON [PRIMARY]
GO

--
-- Create index [IX_PhoneDetailds_IdPhone] on table [dbo].[PhoneDetailds]
--
PRINT (N'Create index [IX_PhoneDetailds_IdPhone] on table [dbo].[PhoneDetailds]')
GO
CREATE INDEX IX_PhoneDetailds_IdPhone
  ON dbo.PhoneDetailds (IdPhone)
  ON [PRIMARY]
GO

--
-- Create index [IX_PhoneDetailds_IdRam] on table [dbo].[PhoneDetailds]
--
PRINT (N'Create index [IX_PhoneDetailds_IdRam] on table [dbo].[PhoneDetailds]')
GO
CREATE INDEX IX_PhoneDetailds_IdRam
  ON dbo.PhoneDetailds (IdRam)
  ON [PRIMARY]
GO

--
-- Create index [IX_PhoneDetailds_IdRom] on table [dbo].[PhoneDetailds]
--
PRINT (N'Create index [IX_PhoneDetailds_IdRom] on table [dbo].[PhoneDetailds]')
GO
CREATE INDEX IX_PhoneDetailds_IdRom
  ON dbo.PhoneDetailds (IdRom)
  ON [PRIMARY]
GO

--
-- Create index [IX_PhoneDetailds_IdSim] on table [dbo].[PhoneDetailds]
--
PRINT (N'Create index [IX_PhoneDetailds_IdSim] on table [dbo].[PhoneDetailds]')
GO
CREATE INDEX IX_PhoneDetailds_IdSim
  ON dbo.PhoneDetailds (IdSim)
  ON [PRIMARY]
GO

--
-- Create table [dbo].[ProductionCompany]
--
PRINT (N'Create table [dbo].[ProductionCompany]')
GO
CREATE TABLE dbo.ProductionCompany (
  Id uniqueidentifier NOT NULL,
  Name nvarchar(max) NULL,
  CONSTRAINT PK_ProductionCompany PRIMARY KEY CLUSTERED (Id)
)
ON [PRIMARY]
TEXTIMAGE_ON [PRIMARY]
GO

SET QUOTED_IDENTIFIER, ANSI_NULLS ON
GO

--
-- Create or alter view [dbo].[VW_Phone_Group]
--
GO
PRINT (N'Create or alter view [dbo].[VW_Phone_Group]')
GO
    create OR ALTER VIEW dbo.VW_Phone_Group
    as 
    select 
    CASE
        WHEN COUNT(c.Price) > 1 and MIN(Price) = 0 then CONVERT(NVARCHAR(MAX), FORMAT(MAX(c.Price),'#,##'))
        WHEN COUNT(c.Price) > 1 THEN CONCAT(CONVERT(nvarchar(Max),FORMAT(MIN(c.Price),'#,##')),' - ',CONVERT(nvarchar(Max),FORMAT(Max(c.Price),'#,##')))
        ELSE CONVERT(NVARCHAR(MAX), FORMAT(MAX(c.Price),'#,##'))
    END AS Price,
    a.Id as IdPhone,
    a.PhoneName as PhoneName,
    a.[Image] AS Image,
    b.Name as ProductionComanyName,
    a.CreateDate as CreateDate,
    MAX(c.Price) as PriceMax,
    MAX(d.Name) as RamName
    from Phones a left JOIN ProductionCompany b on a.IdProductionCompany = b.Id
    left JOIN PhoneDetailds c on a.Id = c.IdPhone
    LEFT JOIN Ram d on c.IdRam = d.Id
    GROUP BY
        a.Id, a.PhoneName, a.[Image], b.Name,a.CreateDate;
GO

--
-- Create table [dbo].[OperatingSystem]
--
PRINT (N'Create table [dbo].[OperatingSystem]')
GO
CREATE TABLE dbo.OperatingSystem (
  Id uniqueidentifier NOT NULL,
  Name nvarchar(max) NULL,
  CONSTRAINT PK_OperatingSystem PRIMARY KEY CLUSTERED (Id)
)
ON [PRIMARY]
TEXTIMAGE_ON [PRIMARY]
GO

--
-- Create table [dbo].[Material]
--
PRINT (N'Create table [dbo].[Material]')
GO
CREATE TABLE dbo.Material (
  Id uniqueidentifier NOT NULL,
  Name nvarchar(max) NULL,
  CONSTRAINT PK_Material PRIMARY KEY CLUSTERED (Id)
)
ON [PRIMARY]
TEXTIMAGE_ON [PRIMARY]
GO

--
-- Create table [dbo].[ListImage]
--
PRINT (N'Create table [dbo].[ListImage]')
GO
CREATE TABLE dbo.ListImage (
  Id uniqueidentifier NOT NULL,
  Image nvarchar(max) NULL,
  IdPhoneDetaild uniqueidentifier NULL,
  IdColor uniqueidentifier NULL,
  CONSTRAINT PK_ListImage PRIMARY KEY CLUSTERED (Id)
)
ON [PRIMARY]
TEXTIMAGE_ON [PRIMARY]
GO

--
-- Create index [IX_ListImage_IdPhoneDetaild] on table [dbo].[ListImage]
--
PRINT (N'Create index [IX_ListImage_IdPhoneDetaild] on table [dbo].[ListImage]')
GO
CREATE INDEX IX_ListImage_IdPhoneDetaild
  ON dbo.ListImage (IdPhoneDetaild)
  ON [PRIMARY]
GO

--
-- Create or alter view [dbo].[VW_List_By_IdPhone]
--
GO
PRINT (N'Create or alter view [dbo].[VW_List_By_IdPhone]')
GO
create OR ALTER VIEW dbo.VW_List_By_IdPhone
as
select 
a.[Image],
c.id as IdPhone
from ListImage a left JOIN PhoneDetailds b on a.IdPhoneDetaild = b.Id
LEFT JOIN Phones c on b.IdPhone = c.Id
GO

--
-- Create table [dbo].[Imei]
--
PRINT (N'Create table [dbo].[Imei]')
GO
CREATE TABLE dbo.Imei (
  Id uniqueidentifier NOT NULL,
  IdBillDetail uniqueidentifier NULL,
  NameImei nvarchar(max) NOT NULL,
  Status int NULL,
  IdPhoneDetaild uniqueidentifier NULL,
  CONSTRAINT PK_Imei PRIMARY KEY CLUSTERED (Id)
)
ON [PRIMARY]
TEXTIMAGE_ON [PRIMARY]
GO

--
-- Create table [dbo].[Discount]
--
PRINT (N'Create table [dbo].[Discount]')
GO
CREATE TABLE dbo.Discount (
  Id uniqueidentifier NOT NULL,
  NameVoucher nvarchar(25) NULL,
  DieuKien int NOT NULL,
  TypeVoucher int NOT NULL,
  Quantity int NULL,
  MucUuDai float NULL,
  DateStart datetime2 NOT NULL,
  DateEnd datetime2 NOT NULL,
  StatusVoucher nvarchar(max) NULL,
  CONSTRAINT PK_Discount PRIMARY KEY CLUSTERED (Id)
)
ON [PRIMARY]
TEXTIMAGE_ON [PRIMARY]
GO

--
-- Create table [dbo].[ChipGPUs]
--
PRINT (N'Create table [dbo].[ChipGPUs]')
GO
CREATE TABLE dbo.ChipGPUs (
  Id uniqueidentifier NOT NULL,
  Name nvarchar(max) NULL,
  CONSTRAINT PK_ChipGPUs PRIMARY KEY CLUSTERED (Id)
)
ON [PRIMARY]
TEXTIMAGE_ON [PRIMARY]
GO

--
-- Create table [dbo].[ChipCPUs]
--
PRINT (N'Create table [dbo].[ChipCPUs]')
GO
CREATE TABLE dbo.ChipCPUs (
  Id uniqueidentifier NOT NULL,
  Name nvarchar(max) NULL,
  CONSTRAINT PK_ChipCPUs PRIMARY KEY CLUSTERED (Id)
)
ON [PRIMARY]
TEXTIMAGE_ON [PRIMARY]
GO

--
-- Create table [dbo].[ChargingportType]
--
PRINT (N'Create table [dbo].[ChargingportType]')
GO
CREATE TABLE dbo.ChargingportType (
  Id uniqueidentifier NOT NULL,
  Name nvarchar(max) NULL,
  CONSTRAINT PK_ChargingportType PRIMARY KEY CLUSTERED (Id)
)
ON [PRIMARY]
TEXTIMAGE_ON [PRIMARY]
GO

--
-- Create table [dbo].[Contact]
--
PRINT (N'Create table [dbo].[Contact]')
GO
CREATE TABLE dbo.Contact (
  ID uniqueidentifier NOT NULL,
  FullName nvarchar(255) NULL DEFAULT (NULL),
  EMAIL nvarchar(255) NULL DEFAULT (NULL),
  PhoneNumber nvarchar(255) NULL DEFAULT (NULL),
  Content nvarchar(max) NULL DEFAULT (NULL),
  CreateDate datetime NULL DEFAULT (NULL),
  Status int NULL DEFAULT (NULL),
  Type nvarchar(20) NULL DEFAULT (NULL),
  Address nvarchar(200) NULL DEFAULT (NULL),
  Topic nvarchar(250) NULL,
  CODE varchar(50) NULL,
  ModifyDate datetime NULL,
  PRIMARY KEY CLUSTERED (ID)
)
ON [PRIMARY]
TEXTIMAGE_ON [PRIMARY]
GO

--
-- Create table [dbo].[Colors]
--
PRINT (N'Create table [dbo].[Colors]')
GO
CREATE TABLE dbo.Colors (
  Id uniqueidentifier NOT NULL,
  Name nvarchar(max) NULL,
  CONSTRAINT PK_Colors PRIMARY KEY CLUSTERED (Id)
)
ON [PRIMARY]
TEXTIMAGE_ON [PRIMARY]
GO

--
-- Create table [dbo].[Carts]
--
PRINT (N'Create table [dbo].[Carts]')
GO
CREATE TABLE dbo.Carts (
  IdAccount uniqueidentifier NOT NULL,
  Description nvarchar(max) NULL,
  CONSTRAINT PK_Carts PRIMARY KEY CLUSTERED (IdAccount)
)
ON [PRIMARY]
TEXTIMAGE_ON [PRIMARY]
GO

--
-- Create table [dbo].[Blogs]
--
PRINT (N'Create table [dbo].[Blogs]')
GO
CREATE TABLE dbo.Blogs (
  Id uniqueidentifier NOT NULL,
  Title nvarchar(max) NULL,
  Content nvarchar(max) NULL,
  CreatedDate datetime2 NULL,
  Images nvarchar(max) NULL,
  Status int NOT NULL,
  IntroText nvarchar(max) NULL,
  CONSTRAINT PK_Blogs PRIMARY KEY CLUSTERED (Id)
)
ON [PRIMARY]
TEXTIMAGE_ON [PRIMARY]
GO

--
-- Create table [dbo].[BillDetails]
--
PRINT (N'Create table [dbo].[BillDetails]')
GO
CREATE TABLE dbo.BillDetails (
  Id uniqueidentifier NOT NULL,
  IdBill uniqueidentifier NOT NULL,
  IdDiscount uniqueidentifier NULL,
  IdPhoneDetail uniqueidentifier NOT NULL,
  Number int NOT NULL,
  Price decimal(18, 2) NOT NULL,
  Status int NOT NULL,
  Imei nvarchar(max) NULL,
  Update_at datetime2 NULL,
  Note nvarchar(max) NULL,
  CONSTRAINT PK_BillDetails PRIMARY KEY CLUSTERED (Id)
)
ON [PRIMARY]
TEXTIMAGE_ON [PRIMARY]
GO

--
-- Create index [IX_BillDetails_IdBill] on table [dbo].[BillDetails]
--
PRINT (N'Create index [IX_BillDetails_IdBill] on table [dbo].[BillDetails]')
GO
CREATE INDEX IX_BillDetails_IdBill
  ON dbo.BillDetails (IdBill)
  ON [PRIMARY]
GO

--
-- Create index [IX_BillDetails_IdDiscount] on table [dbo].[BillDetails]
--
PRINT (N'Create index [IX_BillDetails_IdDiscount] on table [dbo].[BillDetails]')
GO
CREATE INDEX IX_BillDetails_IdDiscount
  ON dbo.BillDetails (IdDiscount)
  ON [PRIMARY]
GO

--
-- Create index [IX_BillDetails_IdPhoneDetail] on table [dbo].[BillDetails]
--
PRINT (N'Create index [IX_BillDetails_IdPhoneDetail] on table [dbo].[BillDetails]')
GO
CREATE INDEX IX_BillDetails_IdPhoneDetail
  ON dbo.BillDetails (IdPhoneDetail)
  ON [PRIMARY]
GO

--
-- Create table [dbo].[Bill]
--
PRINT (N'Create table [dbo].[Bill]')
GO
CREATE TABLE dbo.Bill (
  Id uniqueidentifier NOT NULL,
  CreatedTime datetime NOT NULL,
  PaymentDate datetime NOT NULL,
  Name nvarchar(max) NOT NULL,
  Phone nvarchar(max) NOT NULL,
  Address nvarchar(max) NULL,
  Status int NOT NULL,
  BillCode nvarchar(max) NULL,
  deliveryPaymentMethod nvarchar(max) NULL,
  TotalMoney decimal(18, 2) NULL,
  Update_at datetime NULL,
  StatusPayment int NOT NULL,
  IdAccount uniqueidentifier NULL,
  Note varchar(255) NULL,
  CONSTRAINT PK_Bill PRIMARY KEY CLUSTERED (Id)
)
ON [PRIMARY]
TEXTIMAGE_ON [PRIMARY]
GO

--
-- Create index [IX_Bill_IdAccount] on table [dbo].[Bill]
--
PRINT (N'Create index [IX_Bill_IdAccount] on table [dbo].[Bill]')
GO
CREATE INDEX IX_Bill_IdAccount
  ON dbo.Bill (IdAccount)
  ON [PRIMARY]
GO

--
-- Create or alter view [dbo].[VTop5_PhoneSell]
--
GO
PRINT (N'Create or alter view [dbo].[VTop5_PhoneSell]')
GO
Create OR ALTER View dbo.VTop5_PhoneSell
as
Select TOP(5)
	PD.Id,
	P.PhoneName,
	PD.Price,
	IMG.[Image],
	COUNT(BD.Id) Total
from Bill A
Join BillDetails BD on BD.IdBill = A.Id
join PhoneDetailds PD on PD.Id = Bd.IdPhoneDetail
Join Phones P On P.Id = PD.IdPhone
Left Join ListImage IMG on IMG.IdPhoneDetaild = PD.Id 
WHERE PaymentDate > DATEADD(day, -80,  DATETRUNC( day,GETDATE())) and PaymentDate < GETDATE()
group by PD.Id,P.PhoneName,PD.Price,IMG.[Image]
order by Total DESC
GO

--
-- Create table [dbo].[Battery]
--
PRINT (N'Create table [dbo].[Battery]')
GO
CREATE TABLE dbo.Battery (
  Id uniqueidentifier NOT NULL,
  Name nvarchar(max) NULL,
  CONSTRAINT PK_Battery PRIMARY KEY CLUSTERED (Id)
)
ON [PRIMARY]
TEXTIMAGE_ON [PRIMARY]
GO

--
-- Create or alter view [dbo].[VW_PhoneDetail]
--
GO
PRINT (N'Create or alter view [dbo].[VW_PhoneDetail]')
GO
CREATE OR ALTER VIEW dbo.VW_PhoneDetail 
AS SELECT
        a.Id as IdPhoneDetail,
        B.Id as IdPhone,
        b.PhoneName as PhoneName,
        c.MucUuDai as ReducedAmount,
        d.Name as MaterialName,
        e.Name as RomName,
        f.id  AS RamID,
        f.Name as RamName,
        g.Name as OperatingSystemName,
        h.Name as BatteryName,
        i.Name as SimName,
        k.Name as ChipCPUName,
        l.Name as ChipGPUName,
         n.id  as ColorID,
        n.Name as ColorName,
        a.Code AS Code,
        p.Name as ChargingportTypeName,
        a.Weight ,
        a.FrontCamera,
        a.Resolution,
        a.Size,
        a.Price,
        a.[Status],
        z.Name as ProductionCompanyName
    
    FROM PhoneDetailds A LEFT JOIN Phones B on A.IdPhone = B.Id
        left JOIN Discount C ON A.IdDiscount = c.Id
        LEFT JOIN Material D on a.IdMaterial = d.Id
        LEFT JOIN Rom E ON a.IdRom = E.Id
        left JOIN Ram f on a.IdRam = f.Id
        LEFT JOIN OperatingSystem g on a.IdOperatingSystem = g.Id
        LEFT JOIN Battery h on a.IdBattery = h.Id
        LEFT JOIN Sim i on a.IdSim = i.Id
        LEFT JOIN ChipCPUs k on a.IdChipCPU = k.Id
        LEFT JOIN ChipGPUs l on a.IdChipGPU = l.Id
        LEFT JOIN Colors n on a.IdColor = n.id
        LEFT JOIN ChargingportType p on a.IdChargingport = p.Id
        LEFT JOIN ProductionCompany z on b.IdProductionCompany = z.Id
      
GO

--
-- Create table [dbo].[AspNetUserTokens]
--
PRINT (N'Create table [dbo].[AspNetUserTokens]')
GO
CREATE TABLE dbo.AspNetUserTokens (
  UserId nvarchar(450) NOT NULL,
  LoginProvider nvarchar(450) NOT NULL,
  Name nvarchar(450) NOT NULL,
  Value nvarchar(max) NULL,
  CONSTRAINT PK_AspNetUserTokens PRIMARY KEY CLUSTERED (UserId, LoginProvider, Name)
)
ON [PRIMARY]
TEXTIMAGE_ON [PRIMARY]
GO

--
-- Create table [dbo].[AspNetUsers]
--
PRINT (N'Create table [dbo].[AspNetUsers]')
GO
CREATE TABLE dbo.AspNetUsers (
  Id nvarchar(450) NOT NULL,
  CitizenId nvarchar(max) NULL,
  Name nvarchar(max) NULL,
  Address nvarchar(max) NULL,
  ImageUrl nvarchar(max) NULL,
  Status int NOT NULL,
  UserName nvarchar(256) NULL,
  NormalizedUserName nvarchar(256) NULL,
  Email nvarchar(256) NULL,
  NormalizedEmail nvarchar(256) NULL,
  EmailConfirmed bit NOT NULL,
  PasswordHash nvarchar(max) NULL,
  SecurityStamp nvarchar(max) NULL,
  ConcurrencyStamp nvarchar(max) NULL,
  PhoneNumber nvarchar(max) NULL,
  PhoneNumberConfirmed bit NOT NULL,
  TwoFactorEnabled bit NOT NULL,
  LockoutEnd datetimeoffset NULL,
  LockoutEnabled bit NOT NULL,
  AccessFailedCount int NOT NULL,
  CONSTRAINT PK_AspNetUsers PRIMARY KEY CLUSTERED (Id)
)
ON [PRIMARY]
TEXTIMAGE_ON [PRIMARY]
GO

--
-- Create index [EmailIndex] on table [dbo].[AspNetUsers]
--
PRINT (N'Create index [EmailIndex] on table [dbo].[AspNetUsers]')
GO
CREATE INDEX EmailIndex
  ON dbo.AspNetUsers (NormalizedEmail)
  ON [PRIMARY]
GO

--
-- Create index [UserNameIndex] on table [dbo].[AspNetUsers]
--
PRINT (N'Create index [UserNameIndex] on table [dbo].[AspNetUsers]')
GO
CREATE UNIQUE INDEX UserNameIndex
  ON dbo.AspNetUsers (NormalizedUserName)
  WHERE ([NormalizedUserName] IS NOT NULL)
  ON [PRIMARY]
GO

--
-- Create table [dbo].[AspNetUserRoles]
--
PRINT (N'Create table [dbo].[AspNetUserRoles]')
GO
CREATE TABLE dbo.AspNetUserRoles (
  UserId nvarchar(450) NOT NULL,
  RoleId nvarchar(450) NOT NULL,
  CONSTRAINT PK_AspNetUserRoles PRIMARY KEY CLUSTERED (UserId, RoleId)
)
ON [PRIMARY]
GO

--
-- Create index [IX_AspNetUserRoles_RoleId] on table [dbo].[AspNetUserRoles]
--
PRINT (N'Create index [IX_AspNetUserRoles_RoleId] on table [dbo].[AspNetUserRoles]')
GO
CREATE INDEX IX_AspNetUserRoles_RoleId
  ON dbo.AspNetUserRoles (RoleId)
  ON [PRIMARY]
GO

--
-- Create table [dbo].[AspNetUserLogins]
--
PRINT (N'Create table [dbo].[AspNetUserLogins]')
GO
CREATE TABLE dbo.AspNetUserLogins (
  LoginProvider nvarchar(450) NOT NULL,
  ProviderKey nvarchar(450) NOT NULL,
  ProviderDisplayName nvarchar(max) NULL,
  UserId nvarchar(450) NOT NULL,
  CONSTRAINT PK_AspNetUserLogins PRIMARY KEY CLUSTERED (LoginProvider, ProviderKey)
)
ON [PRIMARY]
TEXTIMAGE_ON [PRIMARY]
GO

--
-- Create index [IX_AspNetUserLogins_UserId] on table [dbo].[AspNetUserLogins]
--
PRINT (N'Create index [IX_AspNetUserLogins_UserId] on table [dbo].[AspNetUserLogins]')
GO
CREATE INDEX IX_AspNetUserLogins_UserId
  ON dbo.AspNetUserLogins (UserId)
  ON [PRIMARY]
GO

--
-- Create table [dbo].[AspNetUserClaims]
--
PRINT (N'Create table [dbo].[AspNetUserClaims]')
GO
CREATE TABLE dbo.AspNetUserClaims (
  Id int IDENTITY,
  UserId nvarchar(450) NOT NULL,
  ClaimType nvarchar(max) NULL,
  ClaimValue nvarchar(max) NULL,
  CONSTRAINT PK_AspNetUserClaims PRIMARY KEY CLUSTERED (Id)
)
ON [PRIMARY]
TEXTIMAGE_ON [PRIMARY]
GO

--
-- Create index [IX_AspNetUserClaims_UserId] on table [dbo].[AspNetUserClaims]
--
PRINT (N'Create index [IX_AspNetUserClaims_UserId] on table [dbo].[AspNetUserClaims]')
GO
CREATE INDEX IX_AspNetUserClaims_UserId
  ON dbo.AspNetUserClaims (UserId)
  ON [PRIMARY]
GO

--
-- Create table [dbo].[AspNetRoles]
--
PRINT (N'Create table [dbo].[AspNetRoles]')
GO
CREATE TABLE dbo.AspNetRoles (
  Id nvarchar(450) NOT NULL,
  Name nvarchar(256) NULL,
  NormalizedName nvarchar(256) NULL,
  ConcurrencyStamp nvarchar(max) NULL,
  CONSTRAINT PK_AspNetRoles PRIMARY KEY CLUSTERED (Id)
)
ON [PRIMARY]
TEXTIMAGE_ON [PRIMARY]
GO

--
-- Create index [RoleNameIndex] on table [dbo].[AspNetRoles]
--
PRINT (N'Create index [RoleNameIndex] on table [dbo].[AspNetRoles]')
GO
CREATE UNIQUE INDEX RoleNameIndex
  ON dbo.AspNetRoles (NormalizedName)
  WHERE ([NormalizedName] IS NOT NULL)
  ON [PRIMARY]
GO

--
-- Create table [dbo].[AspNetRoleClaims]
--
PRINT (N'Create table [dbo].[AspNetRoleClaims]')
GO
CREATE TABLE dbo.AspNetRoleClaims (
  Id int IDENTITY,
  RoleId nvarchar(450) NOT NULL,
  ClaimType nvarchar(max) NULL,
  ClaimValue nvarchar(max) NULL,
  CONSTRAINT PK_AspNetRoleClaims PRIMARY KEY CLUSTERED (Id)
)
ON [PRIMARY]
TEXTIMAGE_ON [PRIMARY]
GO

--
-- Create index [IX_AspNetRoleClaims_RoleId] on table [dbo].[AspNetRoleClaims]
--
PRINT (N'Create index [IX_AspNetRoleClaims_RoleId] on table [dbo].[AspNetRoleClaims]')
GO
CREATE INDEX IX_AspNetRoleClaims_RoleId
  ON dbo.AspNetRoleClaims (RoleId)
  ON [PRIMARY]
GO

--
-- Create table [dbo].[Address]
--
PRINT (N'Create table [dbo].[Address]')
GO
CREATE TABLE dbo.Address (
  Id uniqueidentifier NOT NULL,
  IdAccount uniqueidentifier NOT NULL,
  Country nvarchar(max) NULL,
  City nvarchar(max) NULL,
  District nvarchar(max) NULL,
  HomeAddress nvarchar(max) NULL,
  Status int NOT NULL,
  CONSTRAINT PK_Address PRIMARY KEY CLUSTERED (Id)
)
ON [PRIMARY]
TEXTIMAGE_ON [PRIMARY]
GO

--
-- Create index [IX_Address_IdAccount] on table [dbo].[Address]
--
PRINT (N'Create index [IX_Address_IdAccount] on table [dbo].[Address]')
GO
CREATE INDEX IX_Address_IdAccount
  ON dbo.Address (IdAccount)
  ON [PRIMARY]
GO

--
-- Create table [dbo].[Accounts]
--
PRINT (N'Create table [dbo].[Accounts]')
GO
CREATE TABLE dbo.Accounts (
  Id uniqueidentifier NOT NULL,
  Username nvarchar(max) NOT NULL,
  Password nvarchar(max) NOT NULL,
  Name nvarchar(max) NULL,
  Email nvarchar(max) NOT NULL,
  PhoneNumber nvarchar(max) NOT NULL,
  ImageUrl nvarchar(max) NULL,
  Status int NOT NULL,
  Points int NULL,
  CONSTRAINT PK_Accounts PRIMARY KEY CLUSTERED (Id)
)
ON [PRIMARY]
TEXTIMAGE_ON [PRIMARY]
GO

--
-- Create table [dbo].[__EFMigrationsHistory]
--
PRINT (N'Create table [dbo].[__EFMigrationsHistory]')
GO
CREATE TABLE dbo.__EFMigrationsHistory (
  MigrationId nvarchar(150) NOT NULL,
  ProductVersion nvarchar(32) NOT NULL,
  CONSTRAINT PK___EFMigrationsHistory PRIMARY KEY CLUSTERED (MigrationId)
)
ON [PRIMARY]
GO

--
-- Create table [dbo].[SalePhoneDetailds]
--
PRINT (N'Create table [dbo].[SalePhoneDetailds]')
GO
CREATE TABLE dbo.SalePhoneDetailds (
  Id uniqueidentifier NOT NULL,
  IdSales uniqueidentifier NOT NULL,
  IdPhoneDetaild uniqueidentifier NOT NULL,
  Status int NOT NULL,
  CONSTRAINT PK_SalePhoneDetailds PRIMARY KEY CLUSTERED (Id)
)
ON [PRIMARY]
GO

--
-- Create index [IX_SalePhoneDetailds_IdPhoneDetaild] on table [dbo].[SalePhoneDetailds]
--
PRINT (N'Create index [IX_SalePhoneDetailds_IdPhoneDetaild] on table [dbo].[SalePhoneDetailds]')
GO
CREATE INDEX IX_SalePhoneDetailds_IdPhoneDetaild
  ON dbo.SalePhoneDetailds (IdPhoneDetaild)
  ON [PRIMARY]
GO

--
-- Create index [IX_SalePhoneDetailds_IdSales] on table [dbo].[SalePhoneDetailds]
--
PRINT (N'Create index [IX_SalePhoneDetailds_IdSales] on table [dbo].[SalePhoneDetailds]')
GO
CREATE INDEX IX_SalePhoneDetailds_IdSales
  ON dbo.SalePhoneDetailds (IdSales)
  ON [PRIMARY]
GO

--
-- Create table [dbo].[CartDetails]
--
PRINT (N'Create table [dbo].[CartDetails]')
GO
CREATE TABLE dbo.CartDetails (
  Id uniqueidentifier NOT NULL,
  IdAccount uniqueidentifier NULL,
  IdPhoneDetaild uniqueidentifier NOT NULL,
  Quantity int NOT NULL,
  Status int NOT NULL,
  CONSTRAINT PK_CartDetails PRIMARY KEY CLUSTERED (Id)
)
ON [PRIMARY]
GO

--
-- Create index [IX_CartsDetails_IdAccount] on table [dbo].[CartDetails]
--
PRINT (N'Create index [IX_CartsDetails_IdAccount] on table [dbo].[CartDetails]')
GO
CREATE INDEX IX_CartsDetails_IdAccount
  ON dbo.CartDetails (IdAccount)
  ON [PRIMARY]
GO

--
-- Create index [IX_CartsDetails_IdPhoneDetaild] on table [dbo].[CartDetails]
--
PRINT (N'Create index [IX_CartsDetails_IdPhoneDetaild] on table [dbo].[CartDetails]')
GO
CREATE INDEX IX_CartsDetails_IdPhoneDetaild
  ON dbo.CartDetails (IdPhoneDetaild)
  ON [PRIMARY]
GO

--
-- Create or alter function [dbo].[fn_diagramobjects]
--
GO
PRINT (N'Create or alter function [dbo].[fn_diagramobjects]')
GO

	CREATE OR ALTER FUNCTION dbo.fn_diagramobjects() 
	RETURNS int
	WITH EXECUTE AS N'dbo'
	AS
	BEGIN
		declare @id_upgraddiagrams		int
		declare @id_sysdiagrams			int
		declare @id_helpdiagrams		int
		declare @id_helpdiagramdefinition	int
		declare @id_creatediagram	int
		declare @id_renamediagram	int
		declare @id_alterdiagram 	int 
		declare @id_dropdiagram		int
		declare @InstalledObjects	int

		select @InstalledObjects = 0

		select 	@id_upgraddiagrams = object_id(N'dbo.sp_upgraddiagrams'),
			@id_sysdiagrams = object_id(N'dbo.sysdiagrams'),
			@id_helpdiagrams = object_id(N'dbo.sp_helpdiagrams'),
			@id_helpdiagramdefinition = object_id(N'dbo.sp_helpdiagramdefinition'),
			@id_creatediagram = object_id(N'dbo.sp_creatediagram'),
			@id_renamediagram = object_id(N'dbo.sp_renamediagram'),
			@id_alterdiagram = object_id(N'dbo.sp_alterdiagram'), 
			@id_dropdiagram = object_id(N'dbo.sp_dropdiagram')

		if @id_upgraddiagrams is not null
			select @InstalledObjects = @InstalledObjects + 1
		if @id_sysdiagrams is not null
			select @InstalledObjects = @InstalledObjects + 2
		if @id_helpdiagrams is not null
			select @InstalledObjects = @InstalledObjects + 4
		if @id_helpdiagramdefinition is not null
			select @InstalledObjects = @InstalledObjects + 8
		if @id_creatediagram is not null
			select @InstalledObjects = @InstalledObjects + 16
		if @id_renamediagram is not null
			select @InstalledObjects = @InstalledObjects + 32
		if @id_alterdiagram  is not null
			select @InstalledObjects = @InstalledObjects + 64
		if @id_dropdiagram is not null
			select @InstalledObjects = @InstalledObjects + 128
		
		return @InstalledObjects 
	END
	
GO

-- 
-- Dumping data for table __EFMigrationsHistory
--
PRINT (N'Dumping data for table __EFMigrationsHistory')
INSERT dbo.__EFMigrationsHistory VALUES (N'20230916072412_Fphone', N'6.0.20')
INSERT dbo.__EFMigrationsHistory VALUES (N'20231007162854_init-database', N'6.0.20')
INSERT dbo.__EFMigrationsHistory VALUES (N'20231106103504_FPhone', N'6.0.20')
INSERT dbo.__EFMigrationsHistory VALUES (N'20231120180721_FPhone', N'6.0.20')
INSERT dbo.__EFMigrationsHistory VALUES (N'20231121043830_FPhone', N'6.0.20')
GO

-- 
-- Dumping data for table WarrantyCards
--
PRINT (N'Dumping data for table WarrantyCards')
-- Table PRO219_WebsiteBanDienThoai.dbo.WarrantyCards does not contain any data (it is empty)

-- 
-- Dumping data for table Warranty
--
PRINT (N'Dumping data for table Warranty')
INSERT dbo.Warranty VALUES ('509a0bdb-fba2-4683-afea-bdd32e858f77', 1, N'no', 1)
INSERT dbo.Warranty VALUES ('509a0bdb-fba2-4683-afea-bdd32e858f78', 2, NULL, 1)
INSERT dbo.Warranty VALUES ('509a0bdb-fba2-4683-afea-bdd32e858f88', 3, NULL, 1)
GO

-- 
-- Dumping data for table sysdiagrams
--
PRINT (N'Dumping data for table sysdiagrams')
-- Table PRO219_WebsiteBanDienThoai.dbo.sysdiagrams does not contain any data (it is empty)

-- 
-- Dumping data for table Sim
--
PRINT (N'Dumping data for table Sim')
INSERT dbo.Sim VALUES ('d896e451-1371-4673-b858-064c45ac70f7', N'Sim thường')
INSERT dbo.Sim VALUES ('7c524980-9d3f-44fe-b77d-08dbc4deacb9', N'1 sim')
INSERT dbo.Sim VALUES ('200c1778-8f1c-4f14-b77e-08dbc4deacb9', N'2 sim')
INSERT dbo.Sim VALUES ('47283c95-0f75-471a-952f-2bc3c581b888', N'NanoSim')
INSERT dbo.Sim VALUES ('18cfc100-f3f6-4799-b4a9-553513213993', N'MicroSim')
INSERT dbo.Sim VALUES ('51499dd9-f761-4e4e-bc51-98fb1fc30c63', N'eSim')
GO

-- 
-- Dumping data for table SellDailys
--
PRINT (N'Dumping data for table SellDailys')
-- Table PRO219_WebsiteBanDienThoai.dbo.SellDailys does not contain any data (it is empty)

-- 
-- Dumping data for table Sales
--
PRINT (N'Dumping data for table Sales')
INSERT dbo.Sales VALUES ('4fab9f63-a1fc-48ac-8d68-08dbe9baa1b4', 30.00, '2023-11-20 18:19:00.0000000', '2023-11-20 18:19:00.0000000', N'1', 1)
GO

-- 
-- Dumping data for table SalePhoneDetailds
--
PRINT (N'Dumping data for table SalePhoneDetailds')
-- Table PRO219_WebsiteBanDienThoai.dbo.SalePhoneDetailds does not contain any data (it is empty)

-- 
-- Dumping data for table Rom
--
PRINT (N'Dumping data for table Rom')
INSERT dbo.Rom VALUES ('78b59fd4-6f62-4bbf-9cf0-08dbb8c70093', N'saaaa')
INSERT dbo.Rom VALUES ('e23086d8-f301-4209-9cf1-08dbb8c70093', N'qzzzzrt')
INSERT dbo.Rom VALUES ('041d4caf-d482-46eb-8e1a-4f2130e2f170', N'512GB')
INSERT dbo.Rom VALUES ('defb101e-5a00-4253-93c2-7d35334a13be', N'32GB')
INSERT dbo.Rom VALUES ('be7f972a-b887-48c6-998a-954cfd753a77', N'256GB')
INSERT dbo.Rom VALUES ('d2b40486-ed09-406f-a475-c58907c11e6b', N'64GB')
INSERT dbo.Rom VALUES ('90be622c-c279-45dd-97fd-f53e6c9cd746', N'1024GB')
INSERT dbo.Rom VALUES ('49e9f9ad-f2ac-49ce-a0a1-fdcff42bfb8f', N'128GB')
GO

-- 
-- Dumping data for table Reviews
--
PRINT (N'Dumping data for table Reviews')
-- Table PRO219_WebsiteBanDienThoai.dbo.Reviews does not contain any data (it is empty)

-- 
-- Dumping data for table Refund
--
PRINT (N'Dumping data for table Refund')
-- Table PRO219_WebsiteBanDienThoai.dbo.Refund does not contain any data (it is empty)

-- 
-- Dumping data for table Ranks
--
PRINT (N'Dumping data for table Ranks')
-- Table PRO219_WebsiteBanDienThoai.dbo.Ranks does not contain any data (it is empty)

-- 
-- Dumping data for table Ram
--
PRINT (N'Dumping data for table Ram')
INSERT dbo.Ram VALUES ('9d7a6c90-8a50-42f4-0005-08dbb8c6f67e', N'64GB')
INSERT dbo.Ram VALUES ('9356077e-8825-4121-0006-08dbb8c6f67e', N'128GB')
INSERT dbo.Ram VALUES ('e91bbd7d-6b33-40f4-c72e-08dbde8f969f', N'512GB')
INSERT dbo.Ram VALUES ('f90436f4-8c3a-4843-c72f-08dbde8f969f', N'1024GB')
INSERT dbo.Ram VALUES ('8a443e62-e546-41ac-bf12-305188d4f2f1', N'8GB')
INSERT dbo.Ram VALUES ('b746f68f-d4e0-47e5-bf5a-39955ec97279', N'7GB')
INSERT dbo.Ram VALUES ('40ce7b87-fce4-4f8b-aa3a-5a64d5adcd5c', N'6GB')
INSERT dbo.Ram VALUES ('e839c24f-e8f6-4639-8193-77d4baed4be7', N'5GB')
INSERT dbo.Ram VALUES ('5419c225-ca0d-4694-b54f-ac7dc8ce4f66', N'2GB')
GO

-- 
-- Dumping data for table ProductionCompany
--
PRINT (N'Dumping data for table ProductionCompany')
INSERT dbo.ProductionCompany VALUES ('a590113b-8ca8-4ac9-4d6d-08dbb8c4171e', N'iphone')
INSERT dbo.ProductionCompany VALUES ('c8d0cedd-a791-4fa1-4d6e-08dbb8c4171e', N'S')
INSERT dbo.ProductionCompany VALUES ('2a9911b0-9f9b-498e-4d6f-08dbb8c4171e', N'oppo')
INSERT dbo.ProductionCompany VALUES ('19de0245-688b-4cad-e25f-08dc02280131', N'Apple')
INSERT dbo.ProductionCompany VALUES ('3453e2df-5b6a-4600-e260-08dc02280131', N'SamSung')
INSERT dbo.ProductionCompany VALUES ('b8f6fb42-3ac7-4d8a-87fe-8464ce404074', N'Nokia')
INSERT dbo.ProductionCompany VALUES ('99278398-5fe2-4bf8-8fa8-907c7daa7a66', N'SamSung')
INSERT dbo.ProductionCompany VALUES ('18bfa2da-32ab-45a2-b225-e5e26852977b', N'Xiaomi')
INSERT dbo.ProductionCompany VALUES ('04cdc54c-c373-4040-8a56-ecf41ec4b5e1', N'Apple')
INSERT dbo.ProductionCompany VALUES ('efee1ac5-0b61-483d-bcde-fb7f66e147d0', N'Huawei')
GO

-- 
-- Dumping data for table Phones
--
PRINT (N'Dumping data for table Phones')
INSERT dbo.Phones VALUES ('00ca8019-98f9-4b1b-e03b-08dc022811e5', N'IPhone 13 pro max', N'IPhone 13 pro max', N'/img/Apple-iPhone-12-Transparent-PNG.png', '19de0245-688b-4cad-e25f-08dc02280131', NULL, '2023-12-21 20:23:50.1679624')
INSERT dbo.Phones VALUES ('660e70ce-3be3-444d-e03c-08dc022811e5', N'IPhone 13', N'IPhone 13', N'/img/images.jpg', '19de0245-688b-4cad-e25f-08dc02280131', NULL, '2023-12-21 20:24:36.1731279')
INSERT dbo.Phones VALUES ('61be78ee-d84f-44c4-e03d-08dc022811e5', N'SamSung S23 ultra', N'SamSung S23 ultra', N'/img/about.jpg', '3453e2df-5b6a-4600-e260-08dc02280131', '509a0bdb-fba2-4683-afea-bdd32e858f88', '2024-01-11 17:45:42.5709947')
INSERT dbo.Phones VALUES ('fbd8a5f8-368a-436d-e03e-08dc022811e5', N'SamSung Note 20 Ultra', N'SamSung Note 20 Ultra', N'/img/tải xuống (1).jpg', '3453e2df-5b6a-4600-e260-08dc02280131', NULL, '2023-12-21 20:29:16.5721050')
INSERT dbo.Phones VALUES ('aa888292-9f04-44e9-a2f8-b3e2b03cc559', N'Xiaomi note 10', N'Xiaomi note 10', N'/img/Apple-iPhone-12-Transparent-PNG.png', '18bfa2da-32ab-45a2-b225-e5e26852977b', NULL, '2023-12-29 23:45:01.2281189')
GO

-- 
-- Dumping data for table PhoneDetailds
--
PRINT (N'Dumping data for table PhoneDetailds')
INSERT dbo.PhoneDetailds VALUES ('8a816c8b-18ca-4c7f-d82a-08dc03b402fb', '61be78ee-d84f-44c4-e03d-08dc022811e5', NULL, 'a20128cc-176d-4ca1-993e-a77cdb5e65da', 'defb101e-5a00-4253-93c2-7d35334a13be', 'e91bbd7d-6b33-40f4-c72e-08dbde8f969f', 'ca402deb-2737-4963-8c84-b80e84b539e5', 'dd089406-4c08-4bbd-91ca-5728c247441d', 'd896e451-1371-4673-b858-064c45ac70f7', 'ef23e25c-3332-4ab8-af08-0091ceafeed7', '70cac3e2-51bf-412b-ad89-016ffbdbf5b2', 'e518bccc-0390-4d26-e701-08dbb8c3ff2c', 'cbd9cd96-c7e7-4b85-acb3-b37bd5983030', NULL, NULL, NULL, NULL, NULL, 10000000.00, NULL, NULL, 0, 'aa')
INSERT dbo.PhoneDetailds VALUES ('bb65c164-957a-4a1e-b498-1c7aeb240593', '61be78ee-d84f-44c4-e03d-08dc022811e5', NULL, '0ebb1dcf-8b6a-40b0-9799-3fd11363ca17', '90be622c-c279-45dd-97fd-f53e6c9cd746', '8a443e62-e546-41ac-bf12-305188d4f2f1', 'ca402deb-2737-4963-8c84-b80e84b539e5', 'cb2cdb0a-29ac-4513-8a4d-5e071607fe9e', '200c1778-8f1c-4f14-b77e-08dbc4deacb9', 'a246aa8f-f792-4234-a1f3-5e809543e834', '70cac3e2-51bf-412b-ad89-016ffbdbf5b2', '305fa783-5ee2-4e1c-9635-3b6b10de1841', 'da98e203-c7c6-4d1b-8931-6a3d09ff8f50', N'10', N'10', N'10', 10, N'10', 50000000.00, NULL, NULL, 0, 'bb')
INSERT dbo.PhoneDetailds VALUES ('c48ddf25-0438-43b2-aa42-268e49955e55', 'aa888292-9f04-44e9-a2f8-b3e2b03cc559', NULL, '9de59883-5f7e-426c-5d93-08dbb8c6e645', '78b59fd4-6f62-4bbf-9cf0-08dbb8c70093', '9d7a6c90-8a50-42f4-0005-08dbb8c6f67e', 'cce1afd3-16c2-4115-bdc7-08dbb8c6ed8b', '40173777-298a-45d5-0fbd-08dbb8c6d350', 'd896e451-1371-4673-b858-064c45ac70f7', 'ef23e25c-3332-4ab8-af08-0091ceafeed7', '70cac3e2-51bf-412b-ad89-016ffbdbf5b2', 'e518bccc-0390-4d26-e701-08dbb8c3ff2c', '68eefc73-3f01-4b3f-0449-08dbb8c3f6f3', N'10', N'10', N'10', 10, N'10', 50000000.00, NULL, NULL, 0, 'cc')
INSERT dbo.PhoneDetailds VALUES ('f7649078-2fdb-4338-a5a2-3f7b28ad4fca', '660e70ce-3be3-444d-e03c-08dc022811e5', NULL, '9de59883-5f7e-426c-5d93-08dbb8c6e645', '78b59fd4-6f62-4bbf-9cf0-08dbb8c70093', '9d7a6c90-8a50-42f4-0005-08dbb8c6f67e', 'cce1afd3-16c2-4115-bdc7-08dbb8c6ed8b', '40173777-298a-45d5-0fbd-08dbb8c6d350', 'd896e451-1371-4673-b858-064c45ac70f7', 'ef23e25c-3332-4ab8-af08-0091ceafeed7', '70cac3e2-51bf-412b-ad89-016ffbdbf5b2', 'e518bccc-0390-4d26-e701-08dbb8c3ff2c', '68eefc73-3f01-4b3f-0449-08dbb8c3f6f3', NULL, NULL, NULL, NULL, NULL, 12313.00, NULL, NULL, 0, 'dd')
INSERT dbo.PhoneDetailds VALUES ('a4ff2608-9d4b-42e3-87a9-81213819c8c1', '660e70ce-3be3-444d-e03c-08dc022811e5', NULL, 'a20128cc-176d-4ca1-993e-a77cdb5e65da', '90be622c-c279-45dd-97fd-f53e6c9cd746', '8a443e62-e546-41ac-bf12-305188d4f2f1', '2fc29ed4-6ef4-4ffb-a559-1d3548dc84b6', 'dd089406-4c08-4bbd-91ca-5728c247441d', '7c524980-9d3f-44fe-b77d-08dbc4deacb9', '00487418-d54b-495c-a505-46cec450a474', 'bb2e6446-a7a4-4673-92e6-3e0b76b7dab8', 'e518bccc-0390-4d26-e701-08dbb8c3ff2c', '47f3ec00-acb4-406e-e3e5-08dbde8f76f8', N'a', N'a', N'a', 1080, N'a', 30000000.00, NULL, NULL, 0, 'ee')
INSERT dbo.PhoneDetailds VALUES ('b9482222-0e95-4c2a-9beb-ad586167408b', '660e70ce-3be3-444d-e03c-08dc022811e5', NULL, '9de59883-5f7e-426c-5d93-08dbb8c6e645', '78b59fd4-6f62-4bbf-9cf0-08dbb8c70093', '9d7a6c90-8a50-42f4-0005-08dbb8c6f67e', 'cce1afd3-16c2-4115-bdc7-08dbb8c6ed8b', '40173777-298a-45d5-0fbd-08dbb8c6d350', 'd896e451-1371-4673-b858-064c45ac70f7', 'ef23e25c-3332-4ab8-af08-0091ceafeed7', '70cac3e2-51bf-412b-ad89-016ffbdbf5b2', 'e518bccc-0390-4d26-e701-08dbb8c3ff2c', '68eefc73-3f01-4b3f-0449-08dbb8c3f6f3', NULL, NULL, NULL, NULL, NULL, 0.00, NULL, NULL, 0, 'ff')
INSERT dbo.PhoneDetailds VALUES ('41e9134a-461b-4529-8d56-cc1806808d0c', '61be78ee-d84f-44c4-e03d-08dc022811e5', NULL, '0ebb1dcf-8b6a-40b0-9799-3fd11363ca17', '90be622c-c279-45dd-97fd-f53e6c9cd746', '8a443e62-e546-41ac-bf12-305188d4f2f1', 'ca402deb-2737-4963-8c84-b80e84b539e5', 'cb2cdb0a-29ac-4513-8a4d-5e071607fe9e', '200c1778-8f1c-4f14-b77e-08dbc4deacb9', 'ef23e25c-3332-4ab8-af08-0091ceafeed7', '70cac3e2-51bf-412b-ad89-016ffbdbf5b2', '90003bdc-5f99-43a3-a47c-318017add786', 'cbd9cd96-c7e7-4b85-acb3-b37bd5983030', N'10', N'10', N'10', 10, N'10', 50000000.00, NULL, NULL, 0, 'gg')
INSERT dbo.PhoneDetailds VALUES ('c407cd9f-a3b2-466b-acf5-d776731981b5', '660e70ce-3be3-444d-e03c-08dc022811e5', NULL, '9de59883-5f7e-426c-5d93-08dbb8c6e645', '78b59fd4-6f62-4bbf-9cf0-08dbb8c70093', '9d7a6c90-8a50-42f4-0005-08dbb8c6f67e', 'cce1afd3-16c2-4115-bdc7-08dbb8c6ed8b', '40173777-298a-45d5-0fbd-08dbb8c6d350', 'd896e451-1371-4673-b858-064c45ac70f7', 'ef23e25c-3332-4ab8-af08-0091ceafeed7', '70cac3e2-51bf-412b-ad89-016ffbdbf5b2', 'e518bccc-0390-4d26-e701-08dbb8c3ff2c', '68eefc73-3f01-4b3f-0449-08dbb8c3f6f3', N'1', N'1', N'1', 1, N'1', 1.00, NULL, NULL, 0, 'hh')
INSERT dbo.PhoneDetailds VALUES ('8cb86d72-6aa8-4ce0-9c6f-d8bfc444aa37', '00ca8019-98f9-4b1b-e03b-08dc022811e5', NULL, '9de59883-5f7e-426c-5d93-08dbb8c6e645', '78b59fd4-6f62-4bbf-9cf0-08dbb8c70093', '9d7a6c90-8a50-42f4-0005-08dbb8c6f67e', 'cce1afd3-16c2-4115-bdc7-08dbb8c6ed8b', '40173777-298a-45d5-0fbd-08dbb8c6d350', 'd896e451-1371-4673-b858-064c45ac70f7', 'ef23e25c-3332-4ab8-af08-0091ceafeed7', '70cac3e2-51bf-412b-ad89-016ffbdbf5b2', '9e166cbd-985e-4c3d-e703-08dbb8c3ff2c', '68eefc73-3f01-4b3f-0449-08dbb8c3f6f3', N'10', N'10', N'10', 10, N'10', 50000000.00, NULL, NULL, 0, 'jj')
GO

-- 
-- Dumping data for table OperatingSystem
--
PRINT (N'Dumping data for table OperatingSystem')
INSERT dbo.OperatingSystem VALUES ('cce1afd3-16c2-4115-bdc7-08dbb8c6ed8b', N'mmm')
INSERT dbo.OperatingSystem VALUES ('88dab552-4e3b-49ea-bdc8-08dbb8c6ed8b', N'bbb')
INSERT dbo.OperatingSystem VALUES ('2fc29ed4-6ef4-4ffb-a559-1d3548dc84b6', N'IOS')
INSERT dbo.OperatingSystem VALUES ('ca402deb-2737-4963-8c84-b80e84b539e5', N'Android')
INSERT dbo.OperatingSystem VALUES ('dacf2f94-c12f-4232-a0c0-bda7c28eb732', N'Xiaomi')
GO

-- 
-- Dumping data for table Material
--
PRINT (N'Dumping data for table Material')
INSERT dbo.Material VALUES ('9de59883-5f7e-426c-5d93-08dbb8c6e645', N'uuu')
INSERT dbo.Material VALUES ('ebc53c29-31f8-42c1-5d94-08dbb8c6e645', N'xxx')
INSERT dbo.Material VALUES ('1d4655cd-43d7-4049-83d1-2d01ac61156d', N'Kính')
INSERT dbo.Material VALUES ('0ebb1dcf-8b6a-40b0-9799-3fd11363ca17', N'Nhựa Mạ Vàng')
INSERT dbo.Material VALUES ('378eaf03-876e-4fc8-8bd5-570c89c481ca', N'Mạ Sắt')
INSERT dbo.Material VALUES ('b71cd665-947b-472c-b729-80a799c2f7e0', N'Mạ Nhôm')
INSERT dbo.Material VALUES ('a20128cc-176d-4ca1-993e-a77cdb5e65da', N'Hợp Kim Nhôm')
GO

-- 
-- Dumping data for table ListImage
--
PRINT (N'Dumping data for table ListImage')
INSERT dbo.ListImage VALUES ('810aefde-8c11-4c56-932e-08aaf51953ff', N'/img/banner_02.png', 'f7649078-2fdb-4338-a5a2-3f7b28ad4fca', '9d34bcc0-54fa-46f1-9949-52b8cca3a301')
INSERT dbo.ListImage VALUES ('eeec524b-e470-4cb6-a70f-0cc49cd65dcd', N'/img/target1.png', 'a4ff2608-9d4b-42e3-87a9-81213819c8c1', '7ea700c7-40ae-4c03-9135-bb226d1f5738')
INSERT dbo.ListImage VALUES ('d170c7e9-803f-4754-b9a9-1c04a64feec1', N'/img/news4.jpg', '8cb86d72-6aa8-4ce0-9c6f-d8bfc444aa37', '080cb372-d0b3-4339-b3ec-6af0a011f0fd')
INSERT dbo.ListImage VALUES ('3898ee45-43fc-4841-bc72-1d3fe2755a7c', N'/img/collection_01.png', 'c407cd9f-a3b2-466b-acf5-d776731981b5', '04c252cf-7a44-41f7-b3dd-7e4d47ceb103')
INSERT dbo.ListImage VALUES ('260c936e-9a08-44b4-9489-26fd313d700f', N'/img/banner_01.png', 'b9482222-0e95-4c2a-9beb-ad586167408b', '68e84910-434f-4bac-8a07-3ebd94f65a67')
INSERT dbo.ListImage VALUES ('e7838b03-df5a-43cb-9c7c-3066b5c8a100', N'/img/Apple-iPhone-12-Transparent-PNG.png', 'bb65c164-957a-4a1e-b498-1c7aeb240593', '0c050015-8356-4837-94cc-af62e9bb3371')
INSERT dbo.ListImage VALUES ('77fc4c78-a58c-48b3-ac84-53ee92e0dab8', N'/img/collection_01.png', 'f7649078-2fdb-4338-a5a2-3f7b28ad4fca', 'a7d35d3b-356a-40ce-85a0-f290e7b71534')
INSERT dbo.ListImage VALUES ('a4284169-7cdc-4c8a-abc0-7047bf69380d', N'/img/iphonex-TA (1).jpg', '41e9134a-461b-4529-8d56-cc1806808d0c', '36e791ce-f311-4efa-b150-eae117891846')
INSERT dbo.ListImage VALUES ('1e1d4476-8985-4b84-b64e-803d41a75ad4', N'/img/banner_01.png', 'a4ff2608-9d4b-42e3-87a9-81213819c8c1', '4f040d81-2256-40fd-9c27-5eb52920a065')
INSERT dbo.ListImage VALUES ('ce1be2a9-1d5b-4e78-b8e9-84490badeb61', N'/img/banner_01.png', 'f7649078-2fdb-4338-a5a2-3f7b28ad4fca', '3551e973-63fc-41c6-965d-01e8d558ad27')
INSERT dbo.ListImage VALUES ('ff6c5400-1c1c-494c-85c4-a5e2bfb908bd', N'/img/images.jpg', '8a816c8b-18ca-4c7f-d82a-08dc03b402fb', 'd09b2a16-ba25-4ed0-9e2b-3f0afe9952c6')
INSERT dbo.ListImage VALUES ('a7c8c8e9-d6a9-47ca-b7f0-dda0dd6dea7c', N'/img/banner_02.png', 'c48ddf25-0438-43b2-aa42-268e49955e55', '72e36a6b-342e-4152-ba6b-9f6e11cdc0ac')
INSERT dbo.ListImage VALUES ('83acca69-67c0-4dd7-a28b-ef2de2f27e36', N'/img/banner_01.png', 'c48ddf25-0438-43b2-aa42-268e49955e55', 'e926b3e1-ce80-4aa2-a205-c64e66bbfca7')
GO

-- 
-- Dumping data for table Imei
--
PRINT (N'Dumping data for table Imei')
INSERT dbo.Imei VALUES ('dcee211d-6785-4aeb-b44f-034ea37d183c', NULL, N'4', 2, 'bb65c164-957a-4a1e-b498-1c7aeb240593')
INSERT dbo.Imei VALUES ('ee1430c1-3a09-4f5e-a9c9-615679a63608', NULL, N'125', 1, '8a816c8b-18ca-4c7f-d82a-08dc03b402fb')
INSERT dbo.Imei VALUES ('fed9d10f-978c-493d-9b14-6e4baf2add88', NULL, N'3', 2, 'bb65c164-957a-4a1e-b498-1c7aeb240593')
INSERT dbo.Imei VALUES ('bcdc125d-7f9f-48bd-b911-867c1968c1cb', NULL, N'1', 2, 'bb65c164-957a-4a1e-b498-1c7aeb240593')
INSERT dbo.Imei VALUES ('b7b4b09d-8ff3-42fc-a766-a20c31206663', NULL, N'2', 2, 'bb65c164-957a-4a1e-b498-1c7aeb240593')
INSERT dbo.Imei VALUES ('27074693-bd3f-4355-b348-ceaebb442c02', NULL, N'126', 1, '8a816c8b-18ca-4c7f-d82a-08dc03b402fb')
INSERT dbo.Imei VALUES ('b05bb528-ca3f-41bf-878d-d5a3b7f9fcf5', NULL, N'123', 1, '8a816c8b-18ca-4c7f-d82a-08dc03b402fb')
GO

-- 
-- Dumping data for table Discount
--
PRINT (N'Dumping data for table Discount')
-- Table PRO219_WebsiteBanDienThoai.dbo.Discount does not contain any data (it is empty)

-- 
-- Dumping data for table Contact
--
PRINT (N'Dumping data for table Contact')
INSERT dbo.Contact VALUES ('6ba5be08-ee3b-4bcd-88f4-08dc0ba4c231', N'Nguyễn Tiến Đạt', N'thanhnxph20424abc@gmail.com', N'0968448036', NULL, '2024-01-02 22:09:04.010', 1, N'LIEN_HE', N'Thái Bình', N'a', '30Y07Y0F', '2024-02-02 22:09:04.010')
INSERT dbo.Contact VALUES ('cd1d33a9-102f-474f-0825-08dc0ba8f856', N'Nguyễn Tiến Đạt', N'thanhnxph20424abc@gmail.com', N'0968448036', NULL, '2024-01-02 22:39:12.833', 1, N'LIEN_HE', N'Thái Bình', NULL, 'QTZ4ZSEQ', '2024-01-02 22:50:38.800')
GO

-- 
-- Dumping data for table Colors
--
PRINT (N'Dumping data for table Colors')
INSERT dbo.Colors VALUES ('e518bccc-0390-4d26-e701-08dbb8c3ff2c', N'Đen')
INSERT dbo.Colors VALUES ('89d93e4a-086f-46ff-e702-08dbb8c3ff2c', N'Trắng')
INSERT dbo.Colors VALUES ('9e166cbd-985e-4c3d-e703-08dbb8c3ff2c', N'Hồng')
INSERT dbo.Colors VALUES ('6620d36c-979c-4c79-8512-08dbde8f7f4f', N'Tím')
INSERT dbo.Colors VALUES ('8fbf44e7-749c-4dc2-8513-08dbde8f7f4f', N'Xanh')
INSERT dbo.Colors VALUES ('90003bdc-5f99-43a3-a47c-318017add786', N'Vàng Sang Trọng')
INSERT dbo.Colors VALUES ('305fa783-5ee2-4e1c-9635-3b6b10de1841', N'Hồng Cánh Sen')
INSERT dbo.Colors VALUES ('041d4caf-d482-46eb-8e1a-4f2130e2f170', N'Xanh Hy Vọng')
INSERT dbo.Colors VALUES ('376de233-31ef-4ef7-8c68-8e38b61f2583', N'Trắng Ngọc Trinh')
INSERT dbo.Colors VALUES ('33691a90-5f8e-4491-8e21-fa4829657f4b', N'Đen Huyền Bí')
GO

-- 
-- Dumping data for table ChipGPUs
--
PRINT (N'Dumping data for table ChipGPUs')
INSERT dbo.ChipGPUs VALUES ('70cac3e2-51bf-412b-ad89-016ffbdbf5b2', N'Mali-G78 MP14')
INSERT dbo.ChipGPUs VALUES ('1c3867a3-19b7-478c-713c-08dbb8c42c3f', N'HVV')
INSERT dbo.ChipGPUs VALUES ('1c788e32-28f8-4f58-713d-08dbb8c42c3f', N'ZNHH')
INSERT dbo.ChipGPUs VALUES ('a3f5afc8-8064-4d12-be1b-15d838496af7', N'Apple GPU (4-core graphics)')
INSERT dbo.ChipGPUs VALUES ('dfee4009-5c38-40c5-a1b3-2b09a280c6b7', N'Mali-G78 MP14')
INSERT dbo.ChipGPUs VALUES ('bb2e6446-a7a4-4673-92e6-3e0b76b7dab8', N'Apple GPU (4-core graphics)')
INSERT dbo.ChipGPUs VALUES ('889d8ca1-39fe-4bad-93f1-4aec4ede4fcb', N'Adreno')
INSERT dbo.ChipGPUs VALUES ('4e4d11ea-9b3f-4e46-9f47-5950b23bce87', N'Mali-G78 MP14')
INSERT dbo.ChipGPUs VALUES ('ccbc234d-955c-4370-aeb0-5bbc4753b345', N'Mali-G78 MP14')
INSERT dbo.ChipGPUs VALUES ('67b6587d-fd9f-423b-a0d7-5d65d5e92631', N'Adreno 650')
INSERT dbo.ChipGPUs VALUES ('a246aa8f-f792-4234-a1f3-5e809543e834', N'Mali-G78 MP14')
INSERT dbo.ChipGPUs VALUES ('7f5d723b-2eb3-4d81-95fa-6a9740e25289', N'Adreno 650')
INSERT dbo.ChipGPUs VALUES ('8c6b7636-9458-4752-8fba-7261bc021c3f', N'Apple GPU (4-core graphics)')
INSERT dbo.ChipGPUs VALUES ('7075e283-ece2-4f1b-9dc6-75df8922cd70', N'Apple GPU (4-core graphics)')
INSERT dbo.ChipGPUs VALUES ('b2db55d7-3e6f-43ab-bdcd-7907cc53837f', N'Mali-G77 MP11')
INSERT dbo.ChipGPUs VALUES ('8e8e1d65-3f35-456d-8734-79e0e416b810', N'Adreno 660')
INSERT dbo.ChipGPUs VALUES ('6588170e-654a-4b3e-9a7c-8f4198eef10c', N'Apple GPU (4-core graphics)')
INSERT dbo.ChipGPUs VALUES ('44ef0dee-4f7b-4a8d-9be9-8fe4671c8df5', N'Mali')
INSERT dbo.ChipGPUs VALUES ('19bb5b8c-ec77-476a-8d86-b0b925452448', N'Adreno 650')
INSERT dbo.ChipGPUs VALUES ('c0ec9f76-63dc-4589-93d9-bc9867cb11fc', N'Apple GPU (4-core graphics)')
INSERT dbo.ChipGPUs VALUES ('2a562c98-8328-4e16-af72-c08e2178e927', N'Mali-G77 MP11')
INSERT dbo.ChipGPUs VALUES ('088e07c2-99c7-4bb6-9a74-c5f2d0704e4d', N'Mali-G78 MP14')
INSERT dbo.ChipGPUs VALUES ('eb4c6b05-440e-48a4-b243-cdf027800686', N'Mali-G77 MP11')
INSERT dbo.ChipGPUs VALUES ('c538a921-befb-4990-b2f7-ebc0264ca4e4', N'Mali-G77 MP11')
INSERT dbo.ChipGPUs VALUES ('db69e1c6-e693-4775-b0d8-fd3cc137e669', N'PowerVR')
GO

-- 
-- Dumping data for table ChipCPUs
--
PRINT (N'Dumping data for table ChipCPUs')
INSERT dbo.ChipCPUs VALUES ('ef23e25c-3332-4ab8-af08-0091ceafeed7', N'Exynos 990')
INSERT dbo.ChipCPUs VALUES ('70cac3e2-51bf-412b-ad89-016ffbdbf5b2', N'Mali-G78 MP14')
INSERT dbo.ChipCPUs VALUES ('6e246c6d-d28a-4589-153e-08dbb8c4235a', N'ARV')
INSERT dbo.ChipCPUs VALUES ('c5fe3ca7-a3a5-4463-153f-08dbb8c4235a', N'YGB')
INSERT dbo.ChipCPUs VALUES ('8de5382f-8299-441c-8a01-0cf88d47a2c4', N'Kirin 990')
INSERT dbo.ChipCPUs VALUES ('a3f5afc8-8064-4d12-be1b-15d838496af7', N'Apple GPU (4-core graphics)')
INSERT dbo.ChipCPUs VALUES ('fbe31e72-1441-4f30-a662-237feed21cdd', N'Kirin 990')
INSERT dbo.ChipCPUs VALUES ('dfee4009-5c38-40c5-a1b3-2b09a280c6b7', N'Mali-G78 MP14')
INSERT dbo.ChipCPUs VALUES ('07ec1dc9-89b5-431d-845d-3c01107af26a', N'Apple A14 Bionic')
INSERT dbo.ChipCPUs VALUES ('7dc057e1-b3ce-4ae7-babf-3c5706841797', N'Bionic A13')
INSERT dbo.ChipCPUs VALUES ('bb2e6446-a7a4-4673-92e6-3e0b76b7dab8', N'Apple GPU (4-core graphics)')
INSERT dbo.ChipCPUs VALUES ('00487418-d54b-495c-a505-46cec450a474', N'Apple A14 Bionic')
INSERT dbo.ChipCPUs VALUES ('752f3679-138c-4962-85fc-4f5225997ff6', N'Snapdragon 860')
INSERT dbo.ChipCPUs VALUES ('7728b45b-9f0d-4c96-8055-50a89b255c5e', N'MediaTek Dimensity 1000')
INSERT dbo.ChipCPUs VALUES ('3e2df0d3-e5ce-4071-809f-541d6c1881fe', N'MediaTek Dimensity 1000')
INSERT dbo.ChipCPUs VALUES ('4e4d11ea-9b3f-4e46-9f47-5950b23bce87', N'Mali-G78 MP14')
INSERT dbo.ChipCPUs VALUES ('ccbc234d-955c-4370-aeb0-5bbc4753b345', N'Mali-G78 MP14')
INSERT dbo.ChipCPUs VALUES ('67b6587d-fd9f-423b-a0d7-5d65d5e92631', N'Adreno 650')
INSERT dbo.ChipCPUs VALUES ('a246aa8f-f792-4234-a1f3-5e809543e834', N'Mali-G78 MP14')
INSERT dbo.ChipCPUs VALUES ('7f5d723b-2eb3-4d81-95fa-6a9740e25289', N'Adreno 650')
INSERT dbo.ChipCPUs VALUES ('8c6b7636-9458-4752-8fba-7261bc021c3f', N'Apple GPU (4-core graphics)')
INSERT dbo.ChipCPUs VALUES ('7075e283-ece2-4f1b-9dc6-75df8922cd70', N'Apple GPU (4-core graphics)')
INSERT dbo.ChipCPUs VALUES ('b2db55d7-3e6f-43ab-bdcd-7907cc53837f', N'Mali-G77 MP11')
INSERT dbo.ChipCPUs VALUES ('8e8e1d65-3f35-456d-8734-79e0e416b810', N'Adreno 660')
INSERT dbo.ChipCPUs VALUES ('b12c97ed-da93-4ee0-8d6a-80a9fca71966', N'Exynos 990')
INSERT dbo.ChipCPUs VALUES ('ea8ba0de-c1a6-4484-86d7-8e9433e73d5a', N'Snapdragon 800')
INSERT dbo.ChipCPUs VALUES ('6588170e-654a-4b3e-9a7c-8f4198eef10c', N'Apple GPU (4-core graphics)')
INSERT dbo.ChipCPUs VALUES ('6375bfe4-2fac-43d3-818b-a09aec40eeec', N'Apple A14 Bionic')
INSERT dbo.ChipCPUs VALUES ('9985f2cc-83b6-40ae-8c02-a3ff9cb84015', N'MediaTek Dimensity 1000')
INSERT dbo.ChipCPUs VALUES ('1d04a54c-d0aa-48e6-a929-a87aaf60d76e', N'Apple A14 Bionic')
INSERT dbo.ChipCPUs VALUES ('c86b5a53-042b-44a1-843f-ac14e0b18da4', N'Apple A14 Bionic')
INSERT dbo.ChipCPUs VALUES ('19bb5b8c-ec77-476a-8d86-b0b925452448', N'Adreno 650')
INSERT dbo.ChipCPUs VALUES ('736b81a4-6c42-48c9-b33b-b413ee46cfef', N'Kirin 990')
INSERT dbo.ChipCPUs VALUES ('60ab9c84-dcfb-42f0-b336-ba329bbc8c43', N'MediaTek Dimensity 1000')
INSERT dbo.ChipCPUs VALUES ('c0ec9f76-63dc-4589-93d9-bc9867cb11fc', N'Apple GPU (4-core graphics)')
INSERT dbo.ChipCPUs VALUES ('3444b098-4f52-4dfa-8dbd-c063ee68e73a', N'Kirin 990')
INSERT dbo.ChipCPUs VALUES ('2a562c98-8328-4e16-af72-c08e2178e927', N'Mali-G77 MP11')
INSERT dbo.ChipCPUs VALUES ('5f87b401-11ed-463e-931c-c20380ee4359', N'Bionic A14')
INSERT dbo.ChipCPUs VALUES ('088e07c2-99c7-4bb6-9a74-c5f2d0704e4d', N'Mali-G78 MP14')
INSERT dbo.ChipCPUs VALUES ('98d4b6c5-785c-46c9-8b28-c8597ded2e73', N'Kirin 990')
INSERT dbo.ChipCPUs VALUES ('eb4c6b05-440e-48a4-b243-cdf027800686', N'Mali-G77 MP11')
INSERT dbo.ChipCPUs VALUES ('190e7dbf-9662-4e3f-b4d8-d44342c0a357', N'Snapdragon 865')
INSERT dbo.ChipCPUs VALUES ('3e6d11f5-9409-46d4-96cb-d4b6a12aed91', N'Snapdragon 865')
INSERT dbo.ChipCPUs VALUES ('1a0275e0-e7fe-40a3-a5e3-dc886267cf47', N'Apple A14 Bionic')
INSERT dbo.ChipCPUs VALUES ('0d5a780c-668b-41f8-8144-de2441b5fdd5', N'Kirin 990')
INSERT dbo.ChipCPUs VALUES ('c538a921-befb-4990-b2f7-ebc0264ca4e4', N'Mali-G77 MP11')
INSERT dbo.ChipCPUs VALUES ('5247ea13-5a49-4d83-a33e-ff2127378a60', N'Bionic A12')
GO

-- 
-- Dumping data for table ChargingportType
--
PRINT (N'Dumping data for table ChargingportType')
INSERT dbo.ChargingportType VALUES ('68eefc73-3f01-4b3f-0449-08dbb8c3f6f3', N'ggg')
INSERT dbo.ChargingportType VALUES ('acdf4101-7e3b-49a6-044a-08dbb8c3f6f3', N'vvv')
INSERT dbo.ChargingportType VALUES ('47f3ec00-acb4-406e-e3e5-08dbde8f76f8', N'Lighting')
INSERT dbo.ChargingportType VALUES ('da98e203-c7c6-4d1b-8931-6a3d09ff8f50', N'Micro USB')
INSERT dbo.ChargingportType VALUES ('cbd9cd96-c7e7-4b85-acb3-b37bd5983030', N'Type C')
INSERT dbo.ChargingportType VALUES ('afaee12c-8841-4dcc-a77e-cd1e7f8a441e', N'Lightning')
GO

-- 
-- Dumping data for table Carts
--
PRINT (N'Dumping data for table Carts')
INSERT dbo.Carts VALUES ('eaee1546-f442-47c0-a41c-1e640052cea9', NULL)
INSERT dbo.Carts VALUES ('ad8a1fec-de00-4f3f-84f1-768df69a3017', NULL)
INSERT dbo.Carts VALUES ('80f86860-abdb-428b-9f03-ec9ca0b4cd59', NULL)
GO

-- 
-- Dumping data for table CartDetails
--
PRINT (N'Dumping data for table CartDetails')
INSERT dbo.CartDetails VALUES ('844af35c-f9f4-4f28-664b-08dc129970c4', 'eaee1546-f442-47c0-a41c-1e640052cea9', 'bb65c164-957a-4a1e-b498-1c7aeb240593', 0, 1)
INSERT dbo.CartDetails VALUES ('2ce487bc-d493-4eac-664c-08dc129970c4', 'eaee1546-f442-47c0-a41c-1e640052cea9', '41e9134a-461b-4529-8d56-cc1806808d0c', 0, 1)
GO

-- 
-- Dumping data for table Blogs
--
PRINT (N'Dumping data for table Blogs')
EXEC(N'INSERT dbo.Blogs VALUES (''9f200f21-3d8d-47c0-ac3d-6771b94f51bb'', N''Đây là thiết kế chính thức của Honor Magic6 Pro, cụm camera đầy lạ mắt'', N''<h1>Đ&acirc;y l&agrave; thiết kế ch&iacute;nh thức của Honor Magic6 Pro, cụm camera đầy lạ mắt</h1>

<div class="userdetail">
<div>Nguyễn Cao Minh Ch&acirc;u</div>
15 giờ trước</div>

<div class="imgwrap"><img alt="Đây là thiết kế chính thức của Honor Magic6 Pro" src="https://cdn.tgdd.vn/News/1558790/Thietkechuacoten-1280x720.jpg" title="Đây là thiết kế chính thức của Honor Magic6 Pro" /></div>

<div class="captionnews">Thiết kế ch&iacute;nh thức của Honor Magic6 Pro</div>

<h2>Nhiều h&igrave;nh ảnh dự đo&aacute;n về d&ograve;ng <a href="https://www.thegioididong.com/dtdd/honor-magic6" rel="noopener" target="_blank" title="Honor Magic6">Honor Magic6</a> li&ecirc;n tục xuất hiện trong thời gian vừa qua, ph&iacute;a c&ocirc;ng ty quyết định đ&aacute;p lại bằng việc tung poster x&aacute;c nhận thiết kế mặt lưng&nbsp;<a href="https://www.thegioididong.com/dtdd/honor-magic6-pro" rel="noopener" target="_blank" title="Honor Magic6 Pro">Honor Magic6 Pro</a>.</h2>

<p>Teaser ch&iacute;nh thức cho thấy Honor Magic6 Pro ch&iacute;nh l&agrave; một bản n&acirc;ng cấp đ&aacute;ng gi&aacute; so với thế hệ tiền nhiệm. Nổi bật thiết lập 3 camera sau nằm gọn trong một module m&aacute;y ảnh tương đối lớn.</p>

<div class="imgwrap"><img alt="Đây là thiết kế chính thức của Honor Magic6 Pro" src="https://cdn.tgdd.vn/News/1558790/00-1280x2277.jpg" title="Đây là thiết kế chính thức của Honor Magic6 Pro" /></div>

<div class="captionnews">Poster ch&iacute;nh thức của Honor Magic6 Pro</div>

<p>Đ&aacute;ng ch&uacute; &yacute;, ngo&agrave;i hệ thống camera chất lượng cao c&ugrave;ng đ&egrave;n flash LED k&eacute;p với micr&ocirc;, module n&agrave;y c&ograve;n chứa một loại cảm biến chưa x&aacute;c định v&agrave; d&ograve;ng chữ 100X (zoom kỹ thuật số) b&ecirc;n trong.</p>

<p>Ở mặt trước, Honor Magic6 Pro sở hữu m&agrave;n h&igrave;nh OLED cong bốn cạnh với phần notch h&igrave;nh vi&ecirc;n thuốc, kh&ocirc;ng qu&aacute; bất ngờ khi h&atilde;ng trang bị cho chiếc <a href="https://www.thegioididong.com/dtdd" rel="noopener" target="_blank" title="smartphone">smartphone</a> n&agrave;y cụm camera Selfie k&eacute;p.</p>

<div class="imgwrap"><img alt="Đây là thiết kế chính thức của Honor Magic6 Pro" src="https://cdn.tgdd.vn/News/1558790/00(2)-1280x1707.jpg" title="Đây là thiết kế chính thức của Honor Magic6 Pro" /></div>

<div class="captionnews">Thiết kế Honor Magic6 Pro được chia sẻ bởi Digital Chat Station</div>

<p>Được biết, một danh s&aacute;ch đặt h&agrave;ng trước ch&iacute;nh thức tr&ecirc;n trang Honor Mall cũng v&ocirc; t&igrave;nh tiết lộ cấu h&igrave;nh của thiết bị c&ugrave;ng c&aacute;c lựa chọn m&agrave;u sắc c&oacute; sẵn l&agrave;: Đen, Trắng, Xanh l&aacute;, Xanh lơ v&agrave; T&iacute;m.</p>

<p>Theo đ&oacute;, Honor Magic6 Pro sở hữu vi xử l&yacute; Snapdragon 8 Gen 3 v&agrave; được c&agrave;i sẵn&nbsp;cả giao diện Magic OS 8.0 dựa tr&ecirc;n Android 14, hứa hẹn cạnh tranh trực tiếp với <a href="https://www.thegioididong.com/dtdd/xiaomi-14-pro" rel="noopener" target="_blank" title="Xiaomi 14 Pro">Xiaomi 14 Pro</a>, Vivo X100 Pro,...</p>

<div class="imgwrap"><img alt="Đây là thiết kế chính thức của Honor Magic6 Pro" src="https://cdn.tgdd.vn/News/1558790/00(3)-1280x1447.jpg" title="Đây là thiết kế chính thức của Honor Magic6 Pro" /></div>

<div class="captionnews">Mặt trước v&agrave; mặt sau của Honor Magic6 Pro (Ảnh: Digital Chat Station)</div>

<p>Nguồn tin x&aacute;c nhận m&aacute;y đi k&egrave;m 3 t&ugrave;y chọn bộ nhớ l&agrave; 256 GB, 512 GB v&agrave; 1 TB, đ&aacute;ng tiếc chưa r&otilde; dung lượng RAM. D&ograve;ng sản phẩm sẽ ch&iacute;nh thức ra mắt v&agrave;o ng&agrave;y 10 v&agrave; 11/01 ở Trung Quốc.</p>

<div class="infoprod item2020 new2021">
<div class="image image-v2" style="text-align:justify"><a href="/dtdd/honor-magic6"><img class="lazy"'
+ N' src="https://cdn.tgdd.vn/Products/Images/42/320325/product-320325-141223-031342-600x600.jpg" title="Honor Magic6" /> </a></div>
</div>

<div class="infoprod item2020 new2021">
<div class="image image-v2">&nbsp;</div>
</div>
'', ''2024-01-03 19:39:28.0653842'', N''/img/Thietkechuacoten-1280x720.jpg'', 0, N''Đây là thiết kế chính thức của Honor Magic6 Pro, cụm camera đầy lạ mắt'')')
EXEC(N'INSERT dbo.Blogs VALUES (''1796cafa-07f9-4dc4-99dd-be9443f17d71'', N''Bản cập nhật One UI 6.0 ổn định chính thức cập bến Galaxy S23 Series, lên đời ngay!'', N''<h1>Bản cập nhật One UI 6.0 ổn định ch&iacute;nh thức cập bến Galaxy S23 Series, l&ecirc;n đời ngay!</h1>

<div class="userdetail">
<div style="text-align:justify">Trần Trọng Ph&uacute;</div>
30/10/23</div>

<div class="imgwrap"><img alt="Bản cập nhật One UI 6 ổn định chính thức cập bến Galaxy S23 Series" src="https://cdn.tgdd.vn/Files/2023/10/30/1553517/2qqq2qqq-301023-161404-800-resize.jpg" title="Bản cập nhật One UI 6 ổn định chính thức cập bến Galaxy S23 Series" /></div>

<div class="captionnews">D&ograve;ng Galaxy S23 ch&iacute;nh thức nhận bản cập nhật One UI 6.0 ổn định (Ảnh: GadgetMatch)</div>

<h2>Sau nhiều ng&agrave;y chờ đợi, <a href="https://www.thegioididong.com/dtdd-samsung" target="_blank" title="Samsung" type="Samsung">Samsung</a>&nbsp;bắt đầu tung ra bản cập nhật One UI 6.0 ổn định dựa tr&ecirc;n Android 14 cho d&ograve;ng <a href="https://www.thegioididong.com/dtdd/samsung-galaxy-s23-5g" target="_blank" title="Galaxy S23 5G" type="Galaxy S23 5G">Galaxy S23 5G</a>. Qua thời gian cung cấp bản beta cho người d&ugrave;ng ở một số quốc gia, giờ đ&acirc;y họ c&oacute; thể &quot;l&ecirc;n đời&quot; bản ch&iacute;nh thức tr&ecirc;n c&aacute;c thiết bị Galaxy S23 5G, <a href="https://www.thegioididong.com/dtdd/samsung-galaxy-s23-plus" target="_blank" title="Galaxy S23+ 5G" type="Galaxy S23+ 5G">Galaxy S23+ 5G</a>&nbsp;v&agrave; <a href="https://www.thegioididong.com/dtdd/samsung-galaxy-s23-ultra" target="_blank" title="Galaxy S23 Ultra 5G" type="Galaxy S23 Ultra 5G">Galaxy S23 Ultra 5G</a>.</h2>

<p>Tại Đức, nhiều người cho biết họ đ&atilde; nhận bản cập nhật One UI 6.0&nbsp;ổn định sau khi đ&atilde; tham gia chương tr&igrave;nh thử nghiệm bản One UI 6 Beta trước đ&oacute;, bản cập nhật n&agrave;y c&oacute; t&ecirc;n m&atilde; l&agrave; S916BXXU3BWJM với k&iacute;ch thước khoảng 350 MB.</p>

<p>C&aacute;c quốc gia kh&aacute;c nơi c&oacute; chương tr&igrave;nh One UI 6 Beta cũng c&oacute; thể nhận bản cập nhật ổn định v&agrave;o h&ocirc;m nay. C&ocirc;ng ty dự kiến ph&aacute;t h&agrave;nh phi&ecirc;n bản ổn định n&agrave;y tr&ecirc;n c&aacute;c <a href="https://www.thegioididong.com/dtdd" target="_blank" title="điện thoại" type="điện thoại">điện thoại</a> d&ograve;ng Galaxy S23 to&agrave;n cầu trong thời gian ngắn sắp tới.</p>

<div class="imgwrap"><img alt="Bản cập nhật One UI 6 ổn định chính thức cập bến Galaxy S23 Series" class="lazyloaded" src="https://cdn.tgdd.vn/Files/2023/10/30/1553517/oneui6-301023-161200-800-resize.jpg" title="Bản cập nhật One UI 6 ổn định chính thức cập bến Galaxy S23 Series" /></div>

<div class="captionnews">Người d&ugrave;ng đ&atilde; tham gia thử nghiệm One UI 6 c&oacute; thể &quot;l&ecirc;n đời&quot; One UI 6 ch&iacute;nh thức (Ảnh: Sammobile)</div>

<p>Bạn c&oacute; thể tải xuống bản cập nhật ổn định bằng c&aacute;ch v&agrave;o phần&nbsp;<strong>Cập nhật phần mềm &gt; Tải xuống v&agrave; c&agrave;i đặt</strong>&nbsp;khi phần mềm c&oacute; sẵn.</p>

<p>Được biết, One UI 6 mang đến nhiều t&iacute;nh năng mới hữu &iacute;ch cho hệ điều h&agrave;nh v&agrave; c&aacute;c ứng dụng kh&aacute;c nhau của Samsung, c&ugrave;ng với một số cải tiến v&agrave; thay đổi nhỏ. Tất cả kết hợp với nhau để gi&uacute;p trải nghiệm người d&ugrave;ng được tốt hơn.</p>

<p>Bạn đ&atilde; cập nhật phi&ecirc;n bản One UI 6.0 ổn định n&agrave;y chưa?</p>

<p>Ngo&agrave;i ra, bạn đọc c&oacute; thể tham khảo v&agrave; đặt mua ngay Galaxy S23 Series tại&nbsp;<a href="https://www.thegioididong.com/" target="_blank" title="Thegioididong.com - Điện thoại, Laptop, Phụ kiện, Đồng hồ chính hãng" type="Thegioididong.com - Điện thoại, Laptop, Phụ kiện, Đồng hồ chính hãng">Thế Giới Di Động</a>&nbsp;với&nbsp;nhiều&nbsp;ưu đ&atilde;i hấp dẫn ở b&ecirc;n dưới!</p>

<div class="infoprod item2020 new2021">
<div class="image image-v2"><a href="/d'
+ N'tdd/samsung-galaxy-s23-5g"><img class="lazy" src="https://cdn.tgdd.vn/Products/Images/42/264060/samsung-galaxy-s23-600x600.jpg" title="Samsung Galaxy S23 5G 128GB" /> </a></div>

<div class="infor"><a href="/dtdd/samsung-galaxy-s23-5g">Samsung Galaxy S23 5G 128GB </a> <strong>22.990.000₫</strong>

<div class="item-rating">
<p>&nbsp;</p>

<p>45</p>
</div>

<div class="features">
<p>Xem đặc điểm nổi bật</p>

<ul>
	<li>Chip Snapdragon 8 Gen 2 for Galaxy</li>
	<li>RAM: 8 GB</li>
	<li>Dung lượng: 128 GB</li>
	<li>Camera sau: Ch&iacute;nh 50 MP &amp; Phụ 12 MP, 10 MP</li>
	<li>Camera trước: 12 MP</li>
	<li>Pin 3900 mAh, Sạc 25 W</li>
</ul>
</div>
<a class="viewdetail" href="/dtdd/samsung-galaxy-s23-5g">Xem chi tiết</a></div>
</div>

<div class="infoprod item2020 new2021">
<div class="image image-v2"><a href="/dtdd/samsung-galaxy-s23-plus"><img class="lazy" src="https://cdn.tgdd.vn/Products/Images/42/290829/samsung-galaxy-s23-plus-600x600.jpg" title="Samsung Galaxy S23+ 5G 256GB" /> </a></div>
</div>
'', ''2024-01-03 20:03:54.9069711'', N''/img/2qqq2qqq-301023-161404-800-resize.jpg'', 0, N''Bản cập nhật One UI 6.0 ổn định chính thức cập bến Galaxy S23 Series, lên đời ngay!'')')
GO

-- 
-- Dumping data for table BillDetails
--
PRINT (N'Dumping data for table BillDetails')
INSERT dbo.BillDetails VALUES ('f79d3ad0-1352-451a-ab51-1188fed5488b', 'bdb0c2f1-f539-4927-8cbf-cae6c9d28257', NULL, '8a816c8b-18ca-4c7f-d82a-08dc03b402fb', 1, 10000000.00, 0, NULL, NULL, NULL)
INSERT dbo.BillDetails VALUES ('04b01b88-4bf5-4f53-a685-13685928e645', '79173709-c68a-45d0-b106-165dc62880fe', NULL, 'bb65c164-957a-4a1e-b498-1c7aeb240593', 1, 50000000.00, 0, NULL, NULL, NULL)
INSERT dbo.BillDetails VALUES ('0a574225-6be9-4b54-af8e-2ac22c2ef982', '8d90fedf-18c9-4fb3-b75e-aa936b956f27', NULL, 'bb65c164-957a-4a1e-b498-1c7aeb240593', 1, 50000000.00, 0, NULL, NULL, NULL)
INSERT dbo.BillDetails VALUES ('0cad1e02-16a0-47e7-ac28-33e9383e30da', '7e29ce3d-ee9b-4e5b-a347-b4d2a37cd1b2', NULL, 'bb65c164-957a-4a1e-b498-1c7aeb240593', 1, 50000000.00, 0, NULL, NULL, NULL)
INSERT dbo.BillDetails VALUES ('c6505999-9a0a-4b77-9a6d-47bdf1449035', '378dca81-be9a-416c-bfdd-b07d20b2c2a6', NULL, '8a816c8b-18ca-4c7f-d82a-08dc03b402fb', 1, 10000000.00, 0, NULL, NULL, NULL)
INSERT dbo.BillDetails VALUES ('958f6cee-7097-4885-acb2-4a5f38e3ee6e', '378dca81-be9a-416c-bfdd-b07d20b2c2a6', NULL, 'bb65c164-957a-4a1e-b498-1c7aeb240593', 1, 50000000.00, 0, NULL, NULL, NULL)
INSERT dbo.BillDetails VALUES ('716e7455-8c36-4436-8d78-599e185b40b0', '99ffffad-a7b8-4b80-b50e-801f41ed2254', NULL, 'bb65c164-957a-4a1e-b498-1c7aeb240593', 1, 50000000.00, 0, NULL, NULL, NULL)
INSERT dbo.BillDetails VALUES ('6eabb29d-9c2c-4c80-b160-6bf70b980e24', 'e0130303-85d9-42ae-805e-bc306c415193', NULL, 'bb65c164-957a-4a1e-b498-1c7aeb240593', 1, 50000000.00, 0, NULL, NULL, NULL)
INSERT dbo.BillDetails VALUES ('b622ea98-ff45-40b8-a7e0-77d8fa5f07d0', '55d8add6-5bf0-4948-b6dc-fbabd60ad0ee', NULL, 'bb65c164-957a-4a1e-b498-1c7aeb240593', 1, 50000000.00, 0, NULL, NULL, NULL)
INSERT dbo.BillDetails VALUES ('b11262ae-b5f2-4071-bf80-7f98edcc5cad', '5099f639-7033-484b-b795-9f3cde69e367', NULL, '8a816c8b-18ca-4c7f-d82a-08dc03b402fb', 1, 10000000.00, 0, NULL, NULL, NULL)
INSERT dbo.BillDetails VALUES ('f9496f57-1185-4ec8-8061-7fdc82a8dfa6', '7e29ce3d-ee9b-4e5b-a347-b4d2a37cd1b2', NULL, '8a816c8b-18ca-4c7f-d82a-08dc03b402fb', 1, 10000000.00, 0, NULL, NULL, NULL)
INSERT dbo.BillDetails VALUES ('2c910213-efcb-4509-976d-9fb4c67b3697', 'e3714cff-b206-46f7-ba8a-0c81177431cc', NULL, 'bb65c164-957a-4a1e-b498-1c7aeb240593', 1, 50000000.00, 0, NULL, NULL, NULL)
INSERT dbo.BillDetails VALUES ('23fb1545-bbdc-4d06-af0b-a9266126246c', '79173709-c68a-45d0-b106-165dc62880fe', NULL, '8a816c8b-18ca-4c7f-d82a-08dc03b402fb', 1, 10000000.00, 0, NULL, NULL, NULL)
INSERT dbo.BillDetails VALUES ('fdac7619-84a7-4986-a000-b12e11bcf812', '8889dd54-a244-4c66-bbba-da3d629921b6', NULL, 'bb65c164-957a-4a1e-b498-1c7aeb240593', 1, 50000000.00, 0, NULL, NULL, NULL)
INSERT dbo.BillDetails VALUES ('dbb82b74-a01b-4cbd-b5c5-c486b460e3db', 'e0130303-85d9-42ae-805e-bc306c415193', NULL, '8a816c8b-18ca-4c7f-d82a-08dc03b402fb', 1, 10000000.00, 0, NULL, NULL, NULL)
INSERT dbo.BillDetails VALUES ('44381acc-9b43-4caf-a12f-c7b202759b78', 'e3714cff-b206-46f7-ba8a-0c81177431cc', NULL, '8a816c8b-18ca-4c7f-d82a-08dc03b402fb', 1, 10000000.00, 0, NULL, NULL, NULL)
INSERT dbo.BillDetails VALUES ('4acd4cbc-0be3-417c-aedd-e2bbe688907f', 'bdb0c2f1-f539-4927-8cbf-cae6c9d28257', NULL, 'bb65c164-957a-4a1e-b498-1c7aeb240593', 1, 50000000.00, 0, NULL, NULL, NULL)
INSERT dbo.BillDetails VALUES ('d72acb89-8382-477b-aa0a-ef0c17508b9d', '5099f639-7033-484b-b795-9f3cde69e367', NULL, 'bb65c164-957a-4a1e-b498-1c7aeb240593', 1, 50000000.00, 0, NULL, NULL, NULL)
GO

-- 
-- Dumping data for table Bill
--
PRINT (N'Dumping data for table Bill')
INSERT dbo.Bill VALUES ('e3714cff-b206-46f7-ba8a-0c81177431cc', '2024-01-14 14:34:05.000', '2024-01-14 14:34:28.417', N'Nguyễn Xuân Thành', N'0965863837', N'Bán hàng tại quầy', 0, N'RdUCDk', N'TIENMAT', 60000000.00, NULL, 1, '3fa85f64-5717-4562-b3fc-2c963f66afa6', NULL)
INSERT dbo.Bill VALUES ('79173709-c68a-45d0-b106-165dc62880fe', '2024-01-14 14:29:34.000', '2024-01-14 14:30:58.170', N'Nguyễn Xuân Thành', N'0965863837', N'Bán hàng tại quầy', 0, N'3JMIEz', N'TIENMAT', 60000000.00, NULL, 1, '3fa85f64-5717-4562-b3fc-2c963f66afa6', NULL)
INSERT dbo.Bill VALUES ('0a4ca0a0-066a-4373-ab76-5a5ebfab577b', '2024-01-13 23:36:21.000', '2024-01-13 23:36:39.513', N'Nguyễn Tiến Đạt', N'0968448036', N'Bán hàng tại quầy', 0, N'SYQbEf', N'TIENMAT', 0.00, NULL, 1, NULL, NULL)
INSERT dbo.Bill VALUES ('99ffffad-a7b8-4b80-b50e-801f41ed2254', '2024-01-13 23:40:25.000', '2024-01-13 23:41:12.003', N'Nguyễn Tiến Đạt', N'0968448036', N'Bán hàng tại quầy', 0, N'uInUCW', N'TIENMAT_CHUYENKHOAN', 50000000.00, NULL, 1, NULL, NULL)
INSERT dbo.Bill VALUES ('5099f639-7033-484b-b795-9f3cde69e367', '2024-01-14 14:34:37.000', '2024-01-14 14:34:47.043', N'Nguyễn Xuân Thành', N'0965863837', N'Bán hàng tại quầy', 0, N'eTILyQ', N'TIENMAT', 60000000.00, NULL, 1, '3fa85f64-5717-4562-b3fc-2c963f66afa6', NULL)
INSERT dbo.Bill VALUES ('8d90fedf-18c9-4fb3-b75e-aa936b956f27', '2024-01-13 23:36:21.000', '2024-01-13 23:37:22.913', N'Nguyễn Tiến Đạt', N'0968448036', N'Bán hàng tại quầy', 0, N'WOx6U9', N'TIENMAT', 50000000.00, NULL, 1, NULL, NULL)
INSERT dbo.Bill VALUES ('378dca81-be9a-416c-bfdd-b07d20b2c2a6', '2024-01-13 22:21:18.000', '2024-01-13 22:21:28.413', N'Nguyễn Xuân Thành', N'0965863837', N'ffff', 4, N'kaFAvP', N'TIENMAT', 60000000.00, NULL, 1, '3fa85f64-5717-4562-b3fc-2c963f66afa6', NULL)
INSERT dbo.Bill VALUES ('7e29ce3d-ee9b-4e5b-a347-b4d2a37cd1b2', '2024-01-14 14:36:06.000', '2024-01-14 14:36:14.560', N'Nguyễn Xuân Thành', N'0965863837', N'Bán hàng tại quầy', 0, N'ijz6Hm', N'TIENMAT', 60000000.00, NULL, 1, '3fa85f64-5717-4562-b3fc-2c963f66afa6', NULL)
INSERT dbo.Bill VALUES ('e0130303-85d9-42ae-805e-bc306c415193', '2024-01-14 14:37:14.000', '2024-01-14 14:37:26.427', N'Nguyễn Xuân Thành', N'0965863837', N'Bán hàng tại quầy', 0, N'Y1f6xX', N'TIENMAT', 60000000.00, NULL, 1, '3fa85f64-5717-4562-b3fc-2c963f66afa6', NULL)
INSERT dbo.Bill VALUES ('bdb0c2f1-f539-4927-8cbf-cae6c9d28257', '2024-01-14 14:35:23.000', '2024-01-14 14:35:32.683', N'Nguyễn Xuân Thành', N'0965863837', N'Bán hàng tại quầy', 0, N'3e4Gpv', N'TIENMAT', 60000000.00, NULL, 1, '3fa85f64-5717-4562-b3fc-2c963f66afa6', NULL)
INSERT dbo.Bill VALUES ('8889dd54-a244-4c66-bbba-da3d629921b6', '2024-01-13 23:42:45.000', '2024-01-13 23:43:06.547', N'Nguyễn Tiến Đạt', N'0968448036', N'Bán hàng tại quầy', 0, N'dLJACp', N'TIENMAT_CHUYENKHOAN', 50000000.00, NULL, 1, NULL, NULL)
INSERT dbo.Bill VALUES ('55d8add6-5bf0-4948-b6dc-fbabd60ad0ee', '2024-01-13 23:40:25.000', '2024-01-13 23:40:40.210', N'Nguyễn Tiến Đạt', N'0968448036', N'Bán hàng tại quầy', 0, N'ZrVvbb', N'TIENMAT', 50000000.00, NULL, 1, NULL, NULL)
GO

-- 
-- Dumping data for table Battery
--
PRINT (N'Dumping data for table Battery')
INSERT dbo.Battery VALUES ('40173777-298a-45d5-0fbd-08dbb8c6d350', N'1200')
INSERT dbo.Battery VALUES ('05ff6b75-f799-4678-0fbe-08dbb8c6d350', N'2400')
INSERT dbo.Battery VALUES ('d22fdef2-0b59-4afa-0fbf-08dbb8c6d350', N'3200')
INSERT dbo.Battery VALUES ('dd089406-4c08-4bbd-91ca-5728c247441d', N'8000mAh')
INSERT dbo.Battery VALUES ('cb2cdb0a-29ac-4513-8a4d-5e071607fe9e', N'10000mAh')
INSERT dbo.Battery VALUES ('8f422858-014b-4f2a-9243-880bf61170c9', N'7000mAh')
INSERT dbo.Battery VALUES ('52fca260-386c-4fae-8d41-c5d986cae2ff', N'5000mAh')
INSERT dbo.Battery VALUES ('fdd48ae1-f125-49ee-8946-d96db98f3c78', N'6000mAh')
GO

-- 
-- Dumping data for table AspNetUserTokens
--
PRINT (N'Dumping data for table AspNetUserTokens')
-- Table PRO219_WebsiteBanDienThoai.dbo.AspNetUserTokens does not contain any data (it is empty)

-- 
-- Dumping data for table AspNetUsers
--
PRINT (N'Dumping data for table AspNetUsers')
INSERT dbo.AspNetUsers VALUES (N'22434ab7-51e0-4d2f-8dd6-cad37b76a147', N'034203010281', N'Admin', N'Thái Bình', N'/img/Screenshot 2024-01-13 163554.png', 0, N'root', N'ROOT', N'user@example.com', N'USER@EXAMPLE.COM', CONVERT(bit, 'False'), N'AQAAAAEAACcQAAAAEKNTBTrlpCMkpKD0ktH/IMG1Ro0249JXRsxPaWP/oCGGbe8GK8xtBbLg56E0EcP4Vg==', N'HX77KSSPEF3DT7USUJAZAFP3SIHKELKH', N'3419f40d-16be-4e87-9815-495afa61d848', N'0965863837', CONVERT(bit, 'False'), CONVERT(bit, 'False'), NULL, CONVERT(bit, 'True'), 0)
INSERT dbo.AspNetUsers VALUES (N'4d435c3b-e59f-4bd5-90d0-f96cdc22d8cf', N'034203010281', N'test', N'thái bình', N'', 0, N'test', N'TEST', N'test@gmail.com', N'TEST@GMAIL.COM', CONVERT(bit, 'False'), N'AQAAAAEAACcQAAAAEHW7axfz7eY4f7cJZjPG24FU5uTkQBzrYQTwWPAGGzCovMwhcE/XJIYpciXnv2PHeA==', N'EN2LP3YQWND7TJ6K7HTYCGA5DZJ2KVXU', N'ef3d5c3c-06e5-47d6-a272-f44e83236579', N'0965863833', CONVERT(bit, 'False'), CONVERT(bit, 'False'), NULL, CONVERT(bit, 'True'), 0)
INSERT dbo.AspNetUsers VALUES (N'5b157a05-d697-4819-a7d0-a587e7d1c0e7', N'034203010281', N'Nguyễn Xuân Thành', N'Thái Bình', N'string', 0, N'thanh05012003', N'THANH05012003', N'user@example.com', N'USER@EXAMPLE.COM', CONVERT(bit, 'False'), N'AQAAAAEAACcQAAAAEA+eq4Bj0eqvD2em4Z9V+W3EDuraaujpeBxSFfDMnpc2x7P9BQXVW6v3b5A+vF7e1A==', N'FKO2EHCS3VXJEI2RNG7Q3H7Y55JY4TRM', N'daccc9ec-a1b5-4747-b91b-c2bb6086be3d', N'0965863837', CONVERT(bit, 'False'), CONVERT(bit, 'False'), NULL, CONVERT(bit, 'True'), 0)
INSERT dbo.AspNetUsers VALUES (N'aa63eacb-7812-4f0b-864f-47a7140161f6', N'035343564574', N'Bui Minh Quang', N'TH', N'', 1, N'quangbm36', N'QUANGBM36', N'12adsad@gamil.com', N'12ADSAD@GAMIL.COM', CONVERT(bit, 'False'), N'AQAAAAEAACcQAAAAEHErqRmGDvYiXZfAn28sf70sfqYvqzxjAPJ+yFF/fhXeuMfKcUaIsLwMM5ACjMbPNg==', N'3KWQLSLL4KI5ZSJO4BDHFVSPL5F44BZ4', N'33cf8794-9ef7-486d-b107-46385c4114df', N'0345007088', CONVERT(bit, 'False'), CONVERT(bit, 'False'), NULL, CONVERT(bit, 'True'), 0)
INSERT dbo.AspNetUsers VALUES (N'bdc05f3a-de51-4c26-9549-df84af247e7c', N'035343564574', N'abc', N'a', NULL, 1, N'abc', N'ABC', N'quang@gmail.com', N'QUANG@GMAIL.COM', CONVERT(bit, 'False'), N'AQAAAAEAACcQAAAAEH2WeHoTGQrtri39NHDkH6+DKU1MQBeq6/lJiWFwpQTooUHCGy6vHBw5ZIeLjGLy7w==', N'UQZYNCM7BL7RVYNYPAQCSEUROE4G36OC', N'c9a01274-39e5-4f01-a3d5-e86d07fd4b18', N'0345007088', CONVERT(bit, 'False'), CONVERT(bit, 'False'), NULL, CONVERT(bit, 'True'), 0)
GO

-- 
-- Dumping data for table AspNetUserRoles
--
PRINT (N'Dumping data for table AspNetUserRoles')
INSERT dbo.AspNetUserRoles VALUES (N'22434ab7-51e0-4d2f-8dd6-cad37b76a147', N'a3169b34-7e14-4a7f-b845-5eb6ce113e07')
INSERT dbo.AspNetUserRoles VALUES (N'4d435c3b-e59f-4bd5-90d0-f96cdc22d8cf', N'b4bb9a36-2fad-4cd1-8074-493180e06733')
INSERT dbo.AspNetUserRoles VALUES (N'5b157a05-d697-4819-a7d0-a587e7d1c0e7', N'b4bb9a36-2fad-4cd1-8074-493180e06733')
INSERT dbo.AspNetUserRoles VALUES (N'bdc05f3a-de51-4c26-9549-df84af247e7c', N'b4bb9a36-2fad-4cd1-8074-493180e06733')
GO

-- 
-- Dumping data for table AspNetUserLogins
--
PRINT (N'Dumping data for table AspNetUserLogins')
-- Table PRO219_WebsiteBanDienThoai.dbo.AspNetUserLogins does not contain any data (it is empty)

-- 
-- Dumping data for table AspNetUserClaims
--
PRINT (N'Dumping data for table AspNetUserClaims')
-- Table PRO219_WebsiteBanDienThoai.dbo.AspNetUserClaims does not contain any data (it is empty)

-- 
-- Dumping data for table AspNetRoles
--
PRINT (N'Dumping data for table AspNetRoles')
INSERT dbo.AspNetRoles VALUES (N'a3169b34-7e14-4a7f-b845-5eb6ce113e07', N'Admin', N'ADMIN', N'd2b721b0-979c-480d-8d28-95c32b8ff47c')
INSERT dbo.AspNetRoles VALUES (N'b4bb9a36-2fad-4cd1-8074-493180e06733', N'Staff', N'STAFF', N'447de4a7-9da7-49f0-8ddf-3040ef112486')
GO

-- 
-- Dumping data for table AspNetRoleClaims
--
PRINT (N'Dumping data for table AspNetRoleClaims')
-- Table PRO219_WebsiteBanDienThoai.dbo.AspNetRoleClaims does not contain any data (it is empty)

-- 
-- Dumping data for table Address
--
PRINT (N'Dumping data for table Address')
-- Table PRO219_WebsiteBanDienThoai.dbo.Address does not contain any data (it is empty)

-- 
-- Dumping data for table Accounts
--
PRINT (N'Dumping data for table Accounts')
INSERT dbo.Accounts VALUES ('3163c6ed-0cdf-4f90-b0c2-094d6627b499', N'khanhpro', N'7+/NguexxPxopMYv3ddPPg==', N'lkkph19645', N'khanhlkph19645@fpt.edu.vn', N'0344287102', N'', 0, 0)
INSERT dbo.Accounts VALUES ('a8f67664-3359-4c1c-bb07-0f8237d39814', N'quang', N'OyTWfMEPFi4qwAJnZsc2VA==', N'quang 123', N'12adsad@gamil.com', N'0345007088', N'', 0, 0)
INSERT dbo.Accounts VALUES ('eaee1546-f442-47c0-a41c-1e640052cea9', N'thanhthanhh', N'8tEkcGoA/uSV8C7zZjUxsQ==', N'NGuyễn XUân Thành', N'thanhnxph20424abc@gmail.com', N'0965863833', N'\img\images.jpg', 0, 0)
INSERT dbo.Accounts VALUES ('3fa85f64-5717-4562-b3fc-2c963f66afa6', N'thanhnxph', N'8tEkcGoA/uSV8C7zZjUxsQ==', N'Nguyễn Xuân Thành', N'user@example.com', N'0965863837', N'https://scontent.fhan14-2.fna.fbcdn.net/v/t39.30808-6/301384342_1153435595249826_6674192522111706323_n.jpg?_nc_cat=106&ccb=1-7&_nc_sid=efb6e6&_nc_eui2=AeF-GkFxwFVhVd4UmWhjDgGLy0MQFbUvP7bLQxAVtS8_tmVGeYhq-bXZ8jgYXXjtbWUPgW4lmw2oZEJ7LM4h4E1f&_nc_ohc=5zprT_7ckUwAX_L2n_O&_nc_oc=AQn2VtVpR3f9XUcsGzr_pldN7OTe7DvAfd0V6BktQuG0M3Zfmu110mRCvG7ByBtxpnE&_nc_ht=scontent.fhan14-2.fna&oh=00_AfBHCgWQOrTM9JfxAmBnGHdP9TpQqFNji4KuQLA0imAsvA&oe=658A0961', 0, 0)
INSERT dbo.Accounts VALUES ('7bc686bb-8630-4ab7-87b1-3412aff0fae2', N'root1', N'HWujcIk0c/4HLdymnkyUng==', N'tai', N'tainq27@gmail.com', N'0988913564', N'', 0, 0)
INSERT dbo.Accounts VALUES ('2653e508-acb1-40f0-bd73-49df76225451', N'khanh1234', N'7+/NguexxPxopMYv3ddPPg==', N'lkkph19645', N'khanhlkph19645@fpt.edu.vn', N'0344287102', N'', 0, 0)
INSERT dbo.Accounts VALUES ('5d74828c-fab8-4f97-8c3a-609c9cc201ed', N'khanh123', N'7+/NguexxPxopMYv3ddPPg==', N'lkkph19645', N'khanhlkph19645@fpt.edu.vn', N'0344287102', N'', 0, 0)
INSERT dbo.Accounts VALUES ('ad8a1fec-de00-4f3f-84f1-768df69a3017', N'testemail', N'8tEkcGoA/uSV8C7zZjUxsQ==', N'Nguyễn Tiến Đạt', N'0395358670b@gmail.com', N'0968448036', N'', 0, 0)
INSERT dbo.Accounts VALUES ('d0b2214b-a4d5-46e5-936f-8132e2322b89', N'khanh12345', N'7+/NguexxPxopMYv3ddPPg==', N'lkkph19645', N'khanhlkph19645@fpt.edu.vn', N'0344287102', N'', 0, 0)
INSERT dbo.Accounts VALUES ('4a996f87-3266-4f7b-8790-9d8055456bdd', N's', N'628p0wLCx/bhMopcsoqcTw==', N's', N'@gmail.com', N'096586383', NULL, 0, 0)
INSERT dbo.Accounts VALUES ('9ddf3dde-1ed0-48b1-8a3d-c3bb73b16296', N'qqq', N'12345Aa@', N'bui minh quang', N'12adsad@gamil.com', N'0987654321', N'', 0, 0)
INSERT dbo.Accounts VALUES ('1bdc2ba2-cefb-412e-bb18-de9f99b24e44', N'thanhnxph', N'8tEkcGoA/uSV8C7zZjUxsQ==', N'Nguyễn Xuân Thành', N'thanhnxph20424abc@gmail.com', N'+84965863837', N'\img\images.jpg', 0, 0)
INSERT dbo.Accounts VALUES ('80f86860-abdb-428b-9f03-ec9ca0b4cd59', N'thanh123', N'8tEkcGoA/uSV8C7zZjUxsQ==', N'Nguyễn Xuân Thành', N'0395358670b@gmail.com', N'0123456789', N'', 0, 0)
INSERT dbo.Accounts VALUES ('535394ad-c6d2-431e-a2f7-ef0166330de8', N'admin', N'1234', N'Cuang Đuồi Bầu', N'cuangdb@gmail.com', N'0829321JQK', N'1', 1, 100)
INSERT dbo.Accounts VALUES ('32767247-7413-46c2-baaf-f2d80d9c8dba', N'qqqw', N'OyTWfMEPFi4qwAJnZsc2VA==', N'123', N'quang@gmail.com', N'0987745552', N'', 0, 0)
INSERT dbo.Accounts VALUES ('d71dfba6-905b-49d6-9250-f8aba98c85a7', N'thanh111', N'8tEkcGoA/uSV8C7zZjUxsQ==', N'Nguyễn Xuân Thành', N'thanhnxph20424abc@gmail.com', N'+84965863837', N'\img\images.jpg', 0, 0)
INSERT dbo.Accounts VALUES ('319cead1-ee48-4cc1-88b7-fc96754ed3d3', N'khachhang1', N'OyTWfMEPFi4qwAJnZsc2VA==', N'khachhang1', N'12adsad@gamil.com', N'0987441133', N'', 0, 0)
GO

USE PRO219_WebsiteBanDienThoai
GO

IF DB_NAME() <> N'PRO219_WebsiteBanDienThoai' SET NOEXEC ON
GO

--
-- Create foreign key [FK_Phones_ProductionCompany_IdProductionCompany] on table [dbo].[Phones]
--
PRINT (N'Create foreign key [FK_Phones_ProductionCompany_IdProductionCompany] on table [dbo].[Phones]')
GO
ALTER TABLE dbo.Phones
  ADD CONSTRAINT FK_Phones_ProductionCompany_IdProductionCompany FOREIGN KEY (IdProductionCompany) REFERENCES dbo.ProductionCompany (Id) ON DELETE CASCADE
GO

--
-- Create foreign key [FK_Phones_Warranty_IdWarranty] on table [dbo].[Phones]
--
PRINT (N'Create foreign key [FK_Phones_Warranty_IdWarranty] on table [dbo].[Phones]')
GO
ALTER TABLE dbo.Phones
  ADD CONSTRAINT FK_Phones_Warranty_IdWarranty FOREIGN KEY (IdWarranty) REFERENCES dbo.Warranty (Id)
GO

--
-- Create foreign key [FK_PhoneDetailds_Battery_IdBattery] on table [dbo].[PhoneDetailds]
--
PRINT (N'Create foreign key [FK_PhoneDetailds_Battery_IdBattery] on table [dbo].[PhoneDetailds]')
GO
ALTER TABLE dbo.PhoneDetailds
  ADD CONSTRAINT FK_PhoneDetailds_Battery_IdBattery FOREIGN KEY (IdBattery) REFERENCES dbo.Battery (Id) ON DELETE CASCADE
GO

--
-- Create foreign key [FK_PhoneDetailds_Colors_IdColor] on table [dbo].[PhoneDetailds]
--
PRINT (N'Create foreign key [FK_PhoneDetailds_Colors_IdColor] on table [dbo].[PhoneDetailds]')
GO
ALTER TABLE dbo.PhoneDetailds
  ADD CONSTRAINT FK_PhoneDetailds_Colors_IdColor FOREIGN KEY (IdColor) REFERENCES dbo.Colors (Id) ON DELETE CASCADE
GO

--
-- Create foreign key [FK_PhoneDetailds_ChargingportType_IdChargingport] on table [dbo].[PhoneDetailds]
--
PRINT (N'Create foreign key [FK_PhoneDetailds_ChargingportType_IdChargingport] on table [dbo].[PhoneDetailds]')
GO
ALTER TABLE dbo.PhoneDetailds
  ADD CONSTRAINT FK_PhoneDetailds_ChargingportType_IdChargingport FOREIGN KEY (IdChargingport) REFERENCES dbo.ChargingportType (Id) ON DELETE CASCADE
GO

--
-- Create foreign key [FK_PhoneDetailds_ChipCPUs_IdChipCPU] on table [dbo].[PhoneDetailds]
--
PRINT (N'Create foreign key [FK_PhoneDetailds_ChipCPUs_IdChipCPU] on table [dbo].[PhoneDetailds]')
GO
ALTER TABLE dbo.PhoneDetailds
  ADD CONSTRAINT FK_PhoneDetailds_ChipCPUs_IdChipCPU FOREIGN KEY (IdChipCPU) REFERENCES dbo.ChipCPUs (Id) ON DELETE CASCADE
GO

--
-- Create foreign key [FK_PhoneDetailds_ChipGPUs_IdChipGPU] on table [dbo].[PhoneDetailds]
--
PRINT (N'Create foreign key [FK_PhoneDetailds_ChipGPUs_IdChipGPU] on table [dbo].[PhoneDetailds]')
GO
ALTER TABLE dbo.PhoneDetailds
  ADD CONSTRAINT FK_PhoneDetailds_ChipGPUs_IdChipGPU FOREIGN KEY (IdChipGPU) REFERENCES dbo.ChipGPUs (Id) ON DELETE CASCADE
GO

--
-- Create foreign key [FK_PhoneDetailds_Discount_IdDiscount] on table [dbo].[PhoneDetailds]
--
PRINT (N'Create foreign key [FK_PhoneDetailds_Discount_IdDiscount] on table [dbo].[PhoneDetailds]')
GO
ALTER TABLE dbo.PhoneDetailds
  ADD CONSTRAINT FK_PhoneDetailds_Discount_IdDiscount FOREIGN KEY (IdDiscount) REFERENCES dbo.Discount (Id)
GO

--
-- Create foreign key [FK_PhoneDetailds_Material_IdMaterial] on table [dbo].[PhoneDetailds]
--
PRINT (N'Create foreign key [FK_PhoneDetailds_Material_IdMaterial] on table [dbo].[PhoneDetailds]')
GO
ALTER TABLE dbo.PhoneDetailds
  ADD CONSTRAINT FK_PhoneDetailds_Material_IdMaterial FOREIGN KEY (IdMaterial) REFERENCES dbo.Material (Id) ON DELETE CASCADE
GO

--
-- Create foreign key [FK_PhoneDetailds_OperatingSystem_IdOperatingSystem] on table [dbo].[PhoneDetailds]
--
PRINT (N'Create foreign key [FK_PhoneDetailds_OperatingSystem_IdOperatingSystem] on table [dbo].[PhoneDetailds]')
GO
ALTER TABLE dbo.PhoneDetailds
  ADD CONSTRAINT FK_PhoneDetailds_OperatingSystem_IdOperatingSystem FOREIGN KEY (IdOperatingSystem) REFERENCES dbo.OperatingSystem (Id) ON DELETE CASCADE
GO

--
-- Create foreign key [FK_PhoneDetailds_Phones_IdPhone] on table [dbo].[PhoneDetailds]
--
PRINT (N'Create foreign key [FK_PhoneDetailds_Phones_IdPhone] on table [dbo].[PhoneDetailds]')
GO
ALTER TABLE dbo.PhoneDetailds
  ADD CONSTRAINT FK_PhoneDetailds_Phones_IdPhone FOREIGN KEY (IdPhone) REFERENCES dbo.Phones (Id) ON DELETE CASCADE
GO

--
-- Create foreign key [FK_PhoneDetailds_Ram_IdRam] on table [dbo].[PhoneDetailds]
--
PRINT (N'Create foreign key [FK_PhoneDetailds_Ram_IdRam] on table [dbo].[PhoneDetailds]')
GO
ALTER TABLE dbo.PhoneDetailds
  ADD CONSTRAINT FK_PhoneDetailds_Ram_IdRam FOREIGN KEY (IdRam) REFERENCES dbo.Ram (Id) ON DELETE CASCADE
GO

--
-- Create foreign key [FK_PhoneDetailds_Rom_IdRom] on table [dbo].[PhoneDetailds]
--
PRINT (N'Create foreign key [FK_PhoneDetailds_Rom_IdRom] on table [dbo].[PhoneDetailds]')
GO
ALTER TABLE dbo.PhoneDetailds
  ADD CONSTRAINT FK_PhoneDetailds_Rom_IdRom FOREIGN KEY (IdRom) REFERENCES dbo.Rom (Id) ON DELETE CASCADE
GO

--
-- Create foreign key [FK_PhoneDetailds_Sim_IdSim] on table [dbo].[PhoneDetailds]
--
PRINT (N'Create foreign key [FK_PhoneDetailds_Sim_IdSim] on table [dbo].[PhoneDetailds]')
GO
ALTER TABLE dbo.PhoneDetailds
  ADD CONSTRAINT FK_PhoneDetailds_Sim_IdSim FOREIGN KEY (IdSim) REFERENCES dbo.Sim (Id) ON DELETE CASCADE
GO

--
-- Create foreign key [FK_SalePhoneDetailds_PhoneDetailds_IdPhoneDetaild] on table [dbo].[SalePhoneDetailds]
--
PRINT (N'Create foreign key [FK_SalePhoneDetailds_PhoneDetailds_IdPhoneDetaild] on table [dbo].[SalePhoneDetailds]')
GO
ALTER TABLE dbo.SalePhoneDetailds
  ADD CONSTRAINT FK_SalePhoneDetailds_PhoneDetailds_IdPhoneDetaild FOREIGN KEY (IdPhoneDetaild) REFERENCES dbo.PhoneDetailds (Id) ON DELETE CASCADE
GO

--
-- Create foreign key [FK_SalePhoneDetailds_Sales_IdSales] on table [dbo].[SalePhoneDetailds]
--
PRINT (N'Create foreign key [FK_SalePhoneDetailds_Sales_IdSales] on table [dbo].[SalePhoneDetailds]')
GO
ALTER TABLE dbo.SalePhoneDetailds
  ADD CONSTRAINT FK_SalePhoneDetailds_Sales_IdSales FOREIGN KEY (IdSales) REFERENCES dbo.Sales (Id) ON DELETE CASCADE
GO

--
-- Create foreign key [FK_Reviews_Accounts_AccountsId] on table [dbo].[Reviews]
--
PRINT (N'Create foreign key [FK_Reviews_Accounts_AccountsId] on table [dbo].[Reviews]')
GO
ALTER TABLE dbo.Reviews
  ADD CONSTRAINT FK_Reviews_Accounts_AccountsId FOREIGN KEY (AccountsId) REFERENCES dbo.Accounts (Id) ON DELETE CASCADE
GO

--
-- Create foreign key [FK_Reviews_PhoneDetailds_PhoneDetaildsId] on table [dbo].[Reviews]
--
PRINT (N'Create foreign key [FK_Reviews_PhoneDetailds_PhoneDetaildsId] on table [dbo].[Reviews]')
GO
ALTER TABLE dbo.Reviews
  ADD CONSTRAINT FK_Reviews_PhoneDetailds_PhoneDetaildsId FOREIGN KEY (PhoneDetaildsId) REFERENCES dbo.PhoneDetailds (Id) ON DELETE CASCADE
GO

--
-- Create foreign key [FK_ListImage_PhoneDetailds_IdPhoneDetaild] on table [dbo].[ListImage]
--
PRINT (N'Create foreign key [FK_ListImage_PhoneDetailds_IdPhoneDetaild] on table [dbo].[ListImage]')
GO
ALTER TABLE dbo.ListImage
  ADD CONSTRAINT FK_ListImage_PhoneDetailds_IdPhoneDetaild FOREIGN KEY (IdPhoneDetaild) REFERENCES dbo.PhoneDetailds (Id)
GO

--
-- Create foreign key [FK_Carts_Accounts_IdAccount] on table [dbo].[Carts]
--
PRINT (N'Create foreign key [FK_Carts_Accounts_IdAccount] on table [dbo].[Carts]')
GO
ALTER TABLE dbo.Carts
  ADD CONSTRAINT FK_Carts_Accounts_IdAccount FOREIGN KEY (IdAccount) REFERENCES dbo.Accounts (Id) ON DELETE CASCADE
GO

--
-- Create foreign key [FK_CartDetails_Carts_IdAccount] on table [dbo].[CartDetails]
--
PRINT (N'Create foreign key [FK_CartDetails_Carts_IdAccount] on table [dbo].[CartDetails]')
GO
ALTER TABLE dbo.CartDetails
  ADD CONSTRAINT FK_CartDetails_Carts_IdAccount FOREIGN KEY (IdAccount) REFERENCES dbo.Carts (IdAccount)
GO

--
-- Create foreign key [FK_CartDetails_PhoneDetailds_IdPhoneDetaild] on table [dbo].[CartDetails]
--
PRINT (N'Create foreign key [FK_CartDetails_PhoneDetailds_IdPhoneDetaild] on table [dbo].[CartDetails]')
GO
ALTER TABLE dbo.CartDetails
  ADD CONSTRAINT FK_CartDetails_PhoneDetailds_IdPhoneDetaild FOREIGN KEY (IdPhoneDetaild) REFERENCES dbo.PhoneDetailds (Id) ON DELETE CASCADE
GO

--
-- Create foreign key [FK_CartsDetails_Carts_IdAccount] on table [dbo].[CartDetails]
--
PRINT (N'Create foreign key [FK_CartsDetails_Carts_IdAccount] on table [dbo].[CartDetails]')
GO
ALTER TABLE dbo.CartDetails
  ADD CONSTRAINT FK_CartsDetails_Carts_IdAccount FOREIGN KEY (IdAccount) REFERENCES dbo.Carts (IdAccount)
GO

--
-- Create foreign key [FK_Bill_Accounts_IdAccount] on table [dbo].[Bill]
--
PRINT (N'Create foreign key [FK_Bill_Accounts_IdAccount] on table [dbo].[Bill]')
GO
ALTER TABLE dbo.Bill
  ADD CONSTRAINT FK_Bill_Accounts_IdAccount FOREIGN KEY (IdAccount) REFERENCES dbo.Accounts (Id)
GO

--
-- Create foreign key [FK_BillDetails_Bill_IdBill] on table [dbo].[BillDetails]
--
PRINT (N'Create foreign key [FK_BillDetails_Bill_IdBill] on table [dbo].[BillDetails]')
GO
ALTER TABLE dbo.BillDetails
  ADD CONSTRAINT FK_BillDetails_Bill_IdBill FOREIGN KEY (IdBill) REFERENCES dbo.Bill (Id) ON DELETE CASCADE
GO

--
-- Create foreign key [FK_BillDetails_Discount_IdDiscount] on table [dbo].[BillDetails]
--
PRINT (N'Create foreign key [FK_BillDetails_Discount_IdDiscount] on table [dbo].[BillDetails]')
GO
ALTER TABLE dbo.BillDetails
  ADD CONSTRAINT FK_BillDetails_Discount_IdDiscount FOREIGN KEY (IdDiscount) REFERENCES dbo.Discount (Id)
GO

--
-- Create foreign key [FK_BillDetails_PhoneDetailds_IdPhoneDetail] on table [dbo].[BillDetails]
--
PRINT (N'Create foreign key [FK_BillDetails_PhoneDetailds_IdPhoneDetail] on table [dbo].[BillDetails]')
GO
ALTER TABLE dbo.BillDetails
  ADD CONSTRAINT FK_BillDetails_PhoneDetailds_IdPhoneDetail FOREIGN KEY (IdPhoneDetail) REFERENCES dbo.PhoneDetailds (Id) ON DELETE CASCADE
GO

--
-- Create foreign key [FK_WarrantyCards_BillDetails_IdBillDetail] on table [dbo].[WarrantyCards]
--
PRINT (N'Create foreign key [FK_WarrantyCards_BillDetails_IdBillDetail] on table [dbo].[WarrantyCards]')
GO
ALTER TABLE dbo.WarrantyCards
  ADD CONSTRAINT FK_WarrantyCards_BillDetails_IdBillDetail FOREIGN KEY (IdBillDetail) REFERENCES dbo.BillDetails (Id) ON DELETE CASCADE
GO

--
-- Create foreign key [FK_Imei_IdBillDetails] on table [dbo].[Imei]
--
PRINT (N'Create foreign key [FK_Imei_IdBillDetails] on table [dbo].[Imei]')
GO
ALTER TABLE dbo.Imei
  ADD CONSTRAINT FK_Imei_IdBillDetails FOREIGN KEY (IdBillDetail) REFERENCES dbo.BillDetails (Id)
GO

--
-- Create foreign key [FK_Imei_PhoneDetailds_IdPhoneDetaild] on table [dbo].[Imei]
--
PRINT (N'Create foreign key [FK_Imei_PhoneDetailds_IdPhoneDetaild] on table [dbo].[Imei]')
GO
ALTER TABLE dbo.Imei
  ADD CONSTRAINT FK_Imei_PhoneDetailds_IdPhoneDetaild FOREIGN KEY (IdPhoneDetaild) REFERENCES dbo.PhoneDetailds (Id)
GO

--
-- Create foreign key [FK_AspNetUserTokens_AspNetUsers_UserId] on table [dbo].[AspNetUserTokens]
--
PRINT (N'Create foreign key [FK_AspNetUserTokens_AspNetUsers_UserId] on table [dbo].[AspNetUserTokens]')
GO
ALTER TABLE dbo.AspNetUserTokens
  ADD CONSTRAINT FK_AspNetUserTokens_AspNetUsers_UserId FOREIGN KEY (UserId) REFERENCES dbo.AspNetUsers (Id) ON DELETE CASCADE
GO

--
-- Create foreign key [FK_AspNetUserRoles_AspNetRoles_RoleId] on table [dbo].[AspNetUserRoles]
--
PRINT (N'Create foreign key [FK_AspNetUserRoles_AspNetRoles_RoleId] on table [dbo].[AspNetUserRoles]')
GO
ALTER TABLE dbo.AspNetUserRoles
  ADD CONSTRAINT FK_AspNetUserRoles_AspNetRoles_RoleId FOREIGN KEY (RoleId) REFERENCES dbo.AspNetRoles (Id) ON DELETE CASCADE
GO

--
-- Create foreign key [FK_AspNetUserRoles_AspNetUsers_UserId] on table [dbo].[AspNetUserRoles]
--
PRINT (N'Create foreign key [FK_AspNetUserRoles_AspNetUsers_UserId] on table [dbo].[AspNetUserRoles]')
GO
ALTER TABLE dbo.AspNetUserRoles
  ADD CONSTRAINT FK_AspNetUserRoles_AspNetUsers_UserId FOREIGN KEY (UserId) REFERENCES dbo.AspNetUsers (Id) ON DELETE CASCADE
GO

--
-- Create foreign key [FK_AspNetUserLogins_AspNetUsers_UserId] on table [dbo].[AspNetUserLogins]
--
PRINT (N'Create foreign key [FK_AspNetUserLogins_AspNetUsers_UserId] on table [dbo].[AspNetUserLogins]')
GO
ALTER TABLE dbo.AspNetUserLogins
  ADD CONSTRAINT FK_AspNetUserLogins_AspNetUsers_UserId FOREIGN KEY (UserId) REFERENCES dbo.AspNetUsers (Id) ON DELETE CASCADE
GO

--
-- Create foreign key [FK_AspNetUserClaims_AspNetUsers_UserId] on table [dbo].[AspNetUserClaims]
--
PRINT (N'Create foreign key [FK_AspNetUserClaims_AspNetUsers_UserId] on table [dbo].[AspNetUserClaims]')
GO
ALTER TABLE dbo.AspNetUserClaims
  ADD CONSTRAINT FK_AspNetUserClaims_AspNetUsers_UserId FOREIGN KEY (UserId) REFERENCES dbo.AspNetUsers (Id) ON DELETE CASCADE
GO

--
-- Create foreign key [FK_AspNetRoleClaims_AspNetRoles_RoleId] on table [dbo].[AspNetRoleClaims]
--
PRINT (N'Create foreign key [FK_AspNetRoleClaims_AspNetRoles_RoleId] on table [dbo].[AspNetRoleClaims]')
GO
ALTER TABLE dbo.AspNetRoleClaims
  ADD CONSTRAINT FK_AspNetRoleClaims_AspNetRoles_RoleId FOREIGN KEY (RoleId) REFERENCES dbo.AspNetRoles (Id) ON DELETE CASCADE
GO

--
-- Create foreign key [FK_Address_Accounts_IdAccount] on table [dbo].[Address]
--
PRINT (N'Create foreign key [FK_Address_Accounts_IdAccount] on table [dbo].[Address]')
GO
ALTER TABLE dbo.Address
  ADD CONSTRAINT FK_Address_Accounts_IdAccount FOREIGN KEY (IdAccount) REFERENCES dbo.Accounts (Id) ON DELETE CASCADE
GO

USE PRO219_WebsiteBanDienThoai
GO

IF DB_NAME() <> N'PRO219_WebsiteBanDienThoai' SET NOEXEC ON
GO

SET QUOTED_IDENTIFIER, ANSI_NULLS ON
GO

--
-- Create or alter trigger [deleteIfExits] on table [dbo].[ListImage]
--
GO
PRINT (N'Create or alter trigger [deleteIfExits] on table [dbo].[ListImage]')
GO
CREATE OR ALTER TRIGGER dbo.deleteIfExits
ON dbo.ListImage
AFTER INSERT as
BEGIN
    SET NOCOUNT ON;
    IF EXISTS (SELECT *
    from ListImage
    WHERE [Image] in (SELECT [Image]
        from inserted) AND IdPhoneDetaild in (select IdPhoneDetaild
        from inserted) )
    BEGIN
        DELETE from ListImage WHERE [Image] in (SELECT [Image]
            from inserted) AND IdPhoneDetaild in (select IdPhoneDetaild
            from inserted);
          INSERT INTO ListImage SELECT * FROM inserted;
    END
    ELSE
    BEGIN
         INSERT INTO ListImage SELECT * FROM inserted;
    END;
END;
GO
SET NOEXEC OFF
GO
